"0668_001_01.jpg", 2,true, 162, 10, 718, 270, 78148, 557, 261, 25.86986664055306, 0.0, 0.0, 0.0, 0.0, 0.0, true, 1.0, 0.478881729781010354050,3051,4851,4046,6017,4125,6099,3929,5394,0, 195,6258,6567,5856,3063,5640,6579,1971,5433,0
"0668_001_01.jpg", 3,true, 8, 60, 151, 299, 24365, 144, 240, 8.48528137423857, 0.0, 0.0, 0.0, 0.0, 0.0, true, 1.0, 0.11384299154083327225,1010,1716,1633,1140,468,501,264,78,0, 0,0,231,1464,1674,1452,381,960,873,0
"0668_001_01.jpg", 4,false, 579, 178, 579, 178, 1, 1, 1, 15.890248582070704, 0.0, 0.0, 0.0, 0.0, 0.0, false, 1.0, 3.2940680422694813E-60,0,0,0,0,0,0,0,0,0, 0,0,0,0,0,0,0,0,0,0
"0668_001_01.jpg", 5,false, 410, 226, 419, 234, 32, 10, 9, 2.5, 0.0, 0.0, 0.0, 0.0, 0.0, true, 1.0, 2.964661238042533E-40,0,0,0,0,0,0,0,0,0, 0,0,0,0,0,0,0,0,0,0
"0668_001_01.jpg", 6,false, 7, 362, 49, 402, 1152, 43, 41, 14.916433890176299, 0.0, 0.0, 0.0, 0.0, 0.0, true, 1.0, 0.00580744195852109539,57,62,74,59,39,54,67,44,0, 171,135,105,57,27,0,0,0,0,0
"0668_001_02.jpg", 2,true, 9, 9, 354, 235, 53735, 346, 227, 26.627053911388696, 0.0, 0.0, 0.0, 0.0, 0.0, true, 1.0, 0.4650978255720309866,3060,3206,2820,4563,2851,760,1944,1842,0, 135,2880,3729,3387,1845,1797,3195,2748,2196,0
"0668_001_03.jpg", 2,true, 469, 12, 558, 192, 12532, 90, 181, 12.041594578792296, 0.0, 0.0, 0.0, 0.0, 0.0, true, 1.0, 0.0688201297823442372,158,49,37,212,334,390,347,291,0, 93,225,333,234,198,51,309,342,405,0
"0668_001_03.jpg", 3,true, 209, 10, 369, 186, 20276, 161, 177, 3.5, 0.0, 0.0, 0.0, 0.0, 0.0, true, 1.0, 0.1203908679194268533,997,554,536,662,439,88,221,427,0, 9,0,0,0,99,1113,1044,1059,1133,0
"0668_001_03.jpg", 4,false, 87, 186, 87, 186, 1, 1, 1, 8.73212459828649, 0.0, 0.0, 0.0, 0.0, 0.0, true, 1.0, 4.224685683385156E-61,1,1,1,1,1,1,1,1,0, 0,0,0,0,0,0,3,6,0,0
"0668_001_03.jpg", 5,false, 249, 190, 291, 223, 831, 43, 34, 9.962429422585638, 0.0, 0.0, 0.0, 0.0, 0.0, true, 1.0, 0.00617649046910909850,0,0,0,0,0,0,0,0,0, 0,0,0,0,0,0,0,0,0,0
"0668_001_03.jpg", 6,false, 13, 157, 99, 224, 2727, 87, 68, 42.547032799009614, 0.0, 0.0, 0.0, 0.0, 0.0, false, 0.8805970149253731, 0.0249932405029065840,0,2,33,40,44,40,250,98,0, 84,54,39,39,33,57,75,60,66,0
"0668_001_04.jpg", 2,true, 384, 15, 525, 153, 13307, 142, 139, 21.02379604162864, 0.0, 0.0, 0.0, 0.0, 0.0, true, 1.0, 0.08442547221461812460,278,149,4,0,0,180,423,624,0, 39,15,261,501,165,405,471,234,27,0
"0668_001_04.jpg", 3,true, 8, 229, 197, 398, 22896, 190, 170, 13.209844813622906, 0.0, 0.0, 0.0, 0.0, 0.0, true, 1.0, 0.1381569942513003260,505,336,267,164,445,125,273,394,0, 0,0,0,0,0,297,810,711,951,0
"0668_001_05.jpg", 2,true, 10, 8, 310, 220, 41091, 301, 213, 20.838665984174707, 0.0, 0.0, 0.0, 0.0, 0.0, true, 1.0, 0.275977995110024471508,1984,1125,2235,1517,2205,2154,217,468,0, 0,1239,2331,2202,2490,540,1683,1671,1257,0
"0668_001_05.jpg", 3,true, 452, 13, 560, 185, 12370, 109, 173, 12.165525060596439, 0.0, 0.0, 0.0, 0.0, 0.0, true, 1.0, 0.08117101139846414512,249,178,71,340,1029,748,387,359,0, 0,0,0,93,654,915,729,1023,459,0
"0668_001_06.jpg", 2,true, 141, 11, 331, 152, 18431, 191, 142, 12.589678312014172, 0.0, 0.0, 0.0, 0.0, 0.0, true, 1.0, 0.11396181384248211433,225,530,690,507,679,456,218,504,0, 0,48,453,1213,920,486,627,429,66,0
"0668_001_06.jpg", 3,true, 441, 13, 564, 232, 20467, 124, 220, 17.204650534085253, 0.0, 0.0, 0.0, 0.0, 0.0, true, 1.0, 0.114625701704258971197,891,897,943,356,81,0,135,516,0, 0,234,642,966,810,138,723,762,741,0
"0668_001_06.jpg", 4,false, 343, 44, 373, 105, 1652, 31, 62, 6.96419413859206, 0.0, 0.0, 0.0, 0.0, 0.0, true, 1.0, 0.0080759017109818810,0,0,0,0,0,0,0,0,0, 0,0,0,0,0,0,0,0,0,0
"0668_001_06.jpg", 5,false, 9, 42, 99, 224, 13795, 91, 183, 32.810059433045836, 0.0, 0.0, 0.0, 0.0, 0.0, false, 0.9236842105263158, 0.069972940266899722,4,39,182,197,146,74,78,22,0, 366,81,135,132,0,30,0,0,0,0
"0668_001_07.jpg", 2,true, 322, 15, 553, 285, 37531, 232, 271, 21.920310216782973, 0.0, 0.0, 0.0, 0.0, 0.0, true, 1.0, 0.272679565079736842136,1890,1969,2780,1339,1976,2587,2062,2254,0, 114,3096,3363,3267,1020,2817,2091,1431,1794,0
"0668_001_08.jpg", 2,true, 7, 9, 163, 314, 34213, 157, 306, 6.519202405202649, 0.0, 0.0, 0.0, 0.0, 0.0, true, 1.0, 0.203678266178266181784,1354,358,718,611,433,1057,1746,1908,0, 720,1923,1518,909,1131,1035,666,993,1074,0
"0668_001_08.jpg", 3,true, 393, 14, 559, 257, 25715, 167, 244, 10.606601717798213, 0.0, 0.0, 0.0, 0.0, 0.0, true, 1.0, 0.17275471442138111167,1445,1437,1015,677,571,680,396,382,0, 0,1385,1252,1272,636,1023,831,1068,303,0
"0668_001_08.jpg", 4,false, 541, 185, 541, 185, 1, 1, 1, 6.18465843842649, 0.0, 0.0, 0.0, 0.0, 0.0, false, 1.0, 4.239587572920906E-60,0,0,0,0,0,0,0,0,0, 0,0,0,0,0,0,0,0,0,0
"0668_001_08.jpg", 5,false, 287, 254, 314, 289, 666, 28, 36, 8.94427190999916, 0.0, 0.0, 0.0, 0.0, 0.0, true, 1.0, 0.0042735042735042744,4,1,0,0,0,0,2,4,0, 0,0,0,0,0,0,0,0,15,0
"0668_002_01.jpg", 2,false, 869, 45, 888, 53, 171, 20, 9, 5.852349955359813, 0.0, 0.0, 0.0, 0.0, 0.0, true, 1.0, 3.737355281298274E-40,0,0,0,0,0,0,0,0,0, 0,0,0,0,0,0,0,0,0,0
"0668_002_01.jpg", 3,true, 8, 52, 167, 291, 24839, 160, 240, 16.64331697709324, 0.0, 0.0, 0.0, 0.0, 0.0, true, 1.0, 0.07973024600102985273,787,926,1107,780,517,446,225,384,0, 9,0,0,921,1572,978,237,828,900,0
"0668_002_01.jpg", 4,false, 608, 91, 698, 192, 4202, 91, 102, 12.083045973594572, 0.0, 0.0, 0.0, 0.0, 0.0, false, 0.9096692111959288, 0.019272295400561433348,364,398,454,341,339,295,286,265,0, 642,429,336,309,345,348,306,204,171,0
"0668_002_01.jpg", 5,false, 1076, 202, 1138, 307, 5001, 63, 106, 24.052026941611388, 0.0, 0.0, 0.0, 0.0, 0.0, false, 0.7419354838709677, 0.0138655880936165970,0,0,0,0,0,0,0,0,0, 0,0,0,0,0,0,0,0,0,0
"0668_002_01.jpg", 6,false, 888, 329, 1130, 413, 7246, 243, 85, 68.48539990392113, 0.0, 0.0, 0.0, 0.0, 0.0, true, 1.0, 0.042886151852897694417,555,732,1093,1081,878,1271,1434,531,0, 1195,1064,846,1071,741,825,810,729,711,0
"0668_002_02.jpg", 2,true, 126, 9, 468, 183, 35401, 343, 175, 21.965882636488796, 0.0, 0.0, 0.0, 0.0, 0.0, true, 1.0, 0.260966914481979062280,570,786,2139,513,768,1821,216,870,0, 141,1605,1680,1665,1020,399,1335,1275,843,0
"0668_002_03.jpg", 2,true, 243, 11, 551, 236, 47926, 309, 226, 20.808652046684813, 0.0, 0.0, 0.0, 0.0, 0.0, true, 1.0, 0.303415015641293031723,986,1682,2746,1488,229,2592,3282,2180,0, 0,936,2931,2634,2331,720,2481,2118,2757,0
"0668_002_03.jpg", 3,false, 253, 265, 315, 335, 2043, 63, 71, 20.524375751773793, 0.0, 0.0, 0.0, 0.0, 0.0, false, 0.6066481994459834, 0.019434306569343064103,92,85,71,63,117,132,114,75,0, 219,189,144,225,75,0,0,0,0,0
"0668_002_04.jpg", 2,true, 247, 10, 538, 230, 42472, 292, 221, 23.005434140654682, 0.0, 0.0, 0.0, 0.0, 0.0, true, 1.0, 0.278884840941601541231,1325,735,463,1562,2569,1613,207,423,0, 0,1305,1362,1404,1128,759,1278,1419,1473,0
"0668_002_05.jpg", 2,true, 10, 10, 263, 188, 30591, 254, 179, 55.599010782566985, 0.0, 0.0, 0.0, 0.0, 0.0, true, 1.0, 0.1946985268927715294,1618,1976,1413,1323,596,1772,1544,1365,0, 12,1317,2502,1902,1622,1579,387,1191,1389,0
"0668_002_05.jpg", 3,true, 256, 15, 453, 195, 13877, 198, 181, 45.5, 0.0, 0.0, 0.0, 0.0, 0.0, true, 1.0, 0.15346865364850976191,266,201,0,94,378,23,0,62,0, 36,0,0,0,0,81,357,342,399,0
"0668_002_05.jpg", 4,true, 364, 23, 551, 298, 36857, 188, 276, 21.70829334609241, 0.0, 0.0, 0.0, 0.0, 0.0, true, 1.0, 0.22219938335046251152,933,383,877,667,1758,1341,1100,696,0, 6,0,0,1197,1917,1599,774,1825,1589,0
"0668_002_05.jpg", 5,false, 174, 203, 307, 294, 3372, 134, 92, 52.08646657242167, 0.0, 0.0, 0.0, 0.0, 0.0, true, 1.0, 0.05279205207262761298,386,428,269,280,350,212,267,342,0, 525,414,331,179,234,270,243,378,258,0
"0668_002_05.jpg", 6,false, 429, 239, 429, 239, 1, 1, 1, 6.946221994724902, 0.0, 0.0, 0.0, 0.0, 0.0, false, 1.0, 4.2822884549503255E-60,0,0,0,0,0,0,0,0,0, 0,0,0,0,0,0,0,0,0,0
"0668_002_06.jpg", 2,true, 9, 8, 280, 230, 40538, 272, 223, 8.602325267042627, 0.0, 0.0, 0.0, 0.0, 0.0, true, 1.0, 0.26179470247266856745,354,1544,2027,1110,1242,1118,1189,964,0, 546,1479,1932,1777,395,1230,1473,903,558,0
"0668_002_06.jpg", 3,false, 236, 152, 363, 269, 9137, 128, 118, 14.807092894960848, 0.0, 0.0, 0.0, 0.0, 0.0, false, 0.8213367609254498, 0.065189712248535770,0,0,0,0,0,0,0,0,0, 0,0,0,0,0,0,0,0,0,0
"0668_002_06.jpg", 4,false, 244, 337, 244, 337, 1, 1, 1, 13.82931668593933, 0.0, 0.0, 0.0, 0.0, 0.0, true, 1.0, 4.316056160522761E-60,0,0,0,0,0,0,0,0,0, 0,0,0,0,0,0,0,0,0,0
"0668_002_07.jpg", 2,false, 165, 12, 282, 114, 6595, 118, 103, 11.510864433221338, 0.0, 0.0, 0.0, 0.0, 0.0, false, 0.5412844036697247, 0.051313878474685040,0,0,0,6,6,6,0,0,0, 18,0,0,0,0,0,0,0,0,0
"0668_002_07.jpg", 3,false, 303, 63, 393, 131, 3805, 91, 69, 27.459060435491963, 0.0, 0.0, 0.0, 0.0, 0.0, false, 0.6447638603696099, 0.02650977809301854246,149,63,66,0,24,0,0,0,0, 84,63,51,48,24,27,27,24,0,0
"0668_002_07.jpg", 4,true, 9, 254, 216, 402, 23486, 208, 149, 16.00781059358212, 0.0, 0.0, 0.0, 0.0, 0.0, true, 1.0, 0.13084743472827373138,207,261,96,216,57,0,189,0,0, 0,0,0,0,0,0,144,390,630,0
"0668_003_01.jpg", 2,true, 8, 9, 165, 238, 26630, 158, 230, 43.8092455995307, 0.0, 0.0, 0.0, 0.0, 0.0, true, 1.0, 0.239616508087221990,189,521,861,1094,773,584,352,0,0, 0,138,642,1116,990,174,618,303,393,0
"0668_003_01.jpg", 3,true, 243, 10, 359, 202, 15432, 117, 193, 13.601470508735444, 0.0, 0.0, 0.0, 0.0, 0.0, true, 1.0, 0.1488932407572251141,6,0,140,277,454,480,311,270,0, 21,0,18,318,357,526,434,117,288,0
"0668_003_01.jpg", 4,false, 43, 199, 43, 199, 1, 1, 1, 7.433034373659253, 0.0, 0.0, 0.0, 0.0, 0.0, true, 1.0, 6.593739903335773E-60,0,0,0,0,0,0,0,0,0, 0,0,0,0,0,0,0,0,0,0
"0668_003_01.jpg", 5,false, 192, 221, 261, 344, 1847, 70, 124, 23.119256043393783, 0.0, 0.0, 0.0, 0.0, 0.0, false, 0.7696245733788396, 0.057233662360954510,0,0,0,0,0,0,0,0,0, 0,0,0,0,0,0,0,0,0,0
"0668_003_01.jpg", 6,true, 6, 244, 96, 399, 10789, 91, 156, 20.524375751773793, 0.0, 0.0, 0.0, 0.0, 0.0, true, 1.0, 0.09360473166775464228,167,148,152,182,173,161,160,222,0, 729,27,0,0,0,132,423,282,0,0
"0668_003_01.jpg", 7,true, 97, 238, 226, 356, 6862, 130, 119, 29.295904150580505, 0.0, 0.0, 0.0, 0.0, 0.0, true, 1.0, 0.10200515630460441491,196,275,377,286,280,369,669,732,0, 663,444,327,321,432,501,411,435,141,0
"0668_003_02.jpg", 2,true, 205, 11, 357, 137, 14677, 153, 127, 14.983324063771697, 0.0, 0.0, 0.0, 0.0, 0.0, true, 1.0, 0.128899797671564563,95,430,702,530,270,471,145,0,0, 6,45,267,390,573,471,414,426,54,0
"0668_003_02.jpg", 3,true, 17, 25, 182, 188, 17281, 166, 164, 28.50438562747845, 0.0, 0.0, 0.0, 0.0, 0.0, true, 1.0, 0.180596371355600531060,404,666,378,69,292,560,690,798,0, 0,0,0,0,747,1185,1242,873,870,0
"0668_003_02.jpg", 4,false, 78, 160, 78, 160, 1, 1, 1, 5.220153254455275, 0.0, 0.0, 0.0, 0.0, 0.0, false, 1.0, 6.63371919466649E-60,0,0,0,0,0,0,0,0,0, 0,0,0,0,0,0,0,0,0,0
"0668_003_02.jpg", 5,true, 198, 206, 329, 313, 6739, 132, 108, 20.615528128088304, 0.0, 0.0, 0.0, 0.0, 0.0, true, 1.0, 0.09457030083916548259,153,0,4,222,242,36,0,74,0, 0,30,120,227,274,177,57,27,78,0
"0668_003_02.jpg", 6,false, 97, 169, 227, 269, 5519, 131, 101, 25.317977802344327, 0.0, 0.0, 0.0, 0.0, 0.0, false, 0.7808988764044944, 0.087770738664632320,0,0,0,0,0,0,0,0,0, 0,0,0,0,0,0,0,0,0,0
"0668_003_02.jpg", 7,false, 312, 243, 356, 401, 2458, 45, 159, 10.547511554864494, 0.0, 0.0, 0.0, 0.0, 0.0, true, 1.0, 0.04746426083783874105,91,45,17,5,0,48,93,82,0, 0,0,0,105,114,185,82,0,0,0
"0668_003_03.jpg", 2,true, 217, 12, 366, 189, 19329, 150, 178, 18.601075237738275, 0.0, 0.0, 0.0, 0.0, 0.0, true, 1.0, 0.17198067632850242756,764,403,202,37,0,0,102,397,0, 0,0,100,480,491,420,714,138,318,0
"0668_003_03.jpg", 3,true, 11, 11, 132, 243, 21444, 122, 233, 46.349217900629135, 0.0, 0.0, 0.0, 0.0, 0.0, true, 1.0, 0.18309822866344605380,461,450,241,29,9,12,51,215,0, 51,0,15,381,390,225,45,360,381,0
"0668_003_03.jpg", 4,false, 63, 183, 65, 185, 17, 3, 3, 0.5, 0.0, 0.0, 0.0, 0.0, 0.0, true, 1.0, 5.797101449275362E-50,0,0,0,0,0,0,0,0,0, 0,0,0,0,0,0,0,0,0,0
"0668_003_03.jpg", 5,true, 10, 214, 133, 401, 14754, 124, 188, 21.224985276791124, 0.0, 0.0, 0.0, 0.0, 0.0, true, 1.0, 0.15015780998389694126,135,112,99,64,31,0,107,118,0, 0,0,0,129,306,288,69,0,0,0
"0668_003_03.jpg", 6,true, 147, 208, 257, 372, 9862, 111, 165, 10.547511554864494, 0.0, 0.0, 0.0, 0.0, 0.0, true, 1.0, 0.117971014492753630,0,3,69,140,246,221,190,238,0, 219,132,0,0,75,132,165,180,204,0
"0668_003_04.jpg", 2,true, 50, 11, 363, 217, 42635, 314, 207, 33.23401871576773, 0.0, 0.0, 0.0, 0.0, 0.0, true, 1.0, 0.42626950242981093697,882,895,731,1745,977,888,850,1104,0, 0,537,1074,1341,705,1404,1494,1521,693,0
"0668_003_04.jpg", 3,false, 88, 325, 131, 343, 655, 44, 19, 3.5355339059327378, 0.0, 0.0, 0.0, 0.0, 0.0, true, 1.0, 0.0054826502974141040,0,0,0,0,0,0,0,0,0, 0,0,0,0,0,0,0,0,0,0
"0668_003_05.jpg", 2,true, 45, 10, 297, 174, 25495, 253, 165, 17.92344832893492, 0.0, 0.0, 0.0, 0.0, 0.0, true, 1.0, 0.2721760391198044547,2,621,1962,1337,259,292,649,1159,0, 96,1026,978,1386,987,285,615,678,777,0
"0668_003_05.jpg", 3,false, 70, 181, 150, 277, 3842, 81, 97, 12.298373876248844, 0.0, 0.0, 0.0, 0.0, 0.0, true, 1.0, 0.0512273838630806859,33,33,33,33,38,37,22,2,0, 0,0,0,0,0,0,12,117,111,0
"0668_003_06.jpg", 2,true, 33, 308, 170, 519, 21285, 138, 212, 9.0, 0.0, 0.0, 0.0, 0.0, 0.0, true, 1.0, 0.045930887014351045417,176,90,0,0,0,126,421,534,0, 0,0,0,0,0,0,368,763,633,0
"0668_003_06.jpg", 3,true, 398, 310, 578, 706, 49362, 181, 397, 4.0, 0.0, 0.0, 0.0, 0.0, 0.0, true, 1.0, 0.11281295283669071827,1110,924,351,489,450,102,489,1848,0, 0,0,0,1254,2103,1401,843,990,999,0
"0668_003_06.jpg", 4,true, 577, 439, 737, 731, 32970, 161, 293, 3.0, 0.0, 0.0, 0.0, 0.0, 0.0, true, 1.0, 0.07405994439185062837,866,327,371,426,160,446,1255,1081,0, 0,0,0,345,1614,1587,903,420,900,0
"0668_003_06.jpg", 5,true, 147, 527, 366, 752, 32313, 220, 226, 4.527692569068709, 0.0, 0.0, 0.0, 0.0, 0.0, true, 1.0, 0.07805864446108607625,746,999,714,676,361,966,690,577,0, 0,0,0,0,0,888,2037,1668,1761,0
"0668_003_07.jpg", 2,true, 336, 10, 513, 149, 17090, 178, 140, 7.615773105863909, 0.0, 0.0, 0.0, 0.0, 0.0, true, 1.0, 0.10788719467317799417,486,236,49,26,481,589,622,829,0, 0,0,705,615,660,621,828,276,30,0
"0668_003_07.jpg", 3,false, 89, 13, 147, 104, 2609, 59, 92, 17.46424919657298, 0.0, 0.0, 0.0, 0.0, 0.0, true, 1.0, 0.023499666640690618193,223,226,219,310,224,183,167,145,0, 357,279,208,386,135,148,185,114,78,0
"0668_003_07.jpg", 4,false, 44, 141, 144, 164, 1109, 101, 24, 34.058772731852805, 0.0, 0.0, 0.0, 0.0, 0.0, true, 1.0, 0.01049432423305712224,18,0,0,0,4,35,27,24,0, 0,0,12,18,15,9,12,48,18,0
"0668_003_07.jpg", 5,false, 118, 150, 230, 177, 1200, 113, 28, 24.186773244895647, 0.0, 0.0, 0.0, 0.0, 0.0, true, 1.0, 0.013698037076482150,0,27,89,106,70,35,0,0,0, 0,30,27,33,63,36,33,72,33,0
"0668_003_07.jpg", 6,false, 446, 153, 535, 223, 3152, 90, 71, 4.5, 0.0, 0.0, 0.0, 0.0, 0.0, true, 1.0, 0.02766449333714315535,23,11,30,41,38,41,35,31,0, 0,0,0,0,0,37,122,81,45,0
"0668_004_01.jpg", 2,false, 13, 3, 391, 167, 31055, 379, 165, 76.52777273643864, 0.0, 0.0, 0.0, 0.0, 0.0, false, 0.9281280627245998, 0.2487767036639217415,2250,1094,2509,2337,1556,1177,734,0,0, 243,918,1182,1605,1557,1674,1572,1287,2034,0
"0668_004_01.jpg", 3,false, 253, 165, 320, 253, 1859, 68, 89, 21.66217902243447, 0.0, 0.0, 0.0, 0.0, 0.0, false, 0.7864768683274022, 0.02407606317380753690,70,13,0,10,69,109,85,73,0, 17,52,54,54,39,51,72,105,75,0
"0668_004_01.jpg", 4,false, 41, 172, 115, 271, 3173, 75, 100, 33.13608305156178, 0.0, 0.0, 0.0, 0.0, 0.0, true, 1.0, 0.02983649600190953694,68,50,28,31,51,74,81,78,0, 0,0,0,0,114,315,15,0,111,0
"0668_004_02.jpg", 2,false, 313, 32, 475, 93, 5213, 163, 62, 43.617656975128774, 0.0, 0.0, 0.0, 0.0, 0.0, false, 0.6894586894586895, 0.04110803774812886487,0,30,174,36,198,102,7,182,0, 0,0,51,75,108,150,150,189,93,0
"0668_004_02.jpg", 3,true, 139, 32, 318, 151, 7184, 180, 120, 23.837994882120434, 0.0, 0.0, 0.0, 0.0, 0.0, false, 0.9280575539568345, 0.0878620240807029307,430,647,944,1176,1123,861,677,408,0, 426,643,539,870,753,720,915,903,804,0
"0668_004_02.jpg", 4,false, 471, 64, 551, 129, 3695, 81, 66, 11.423659658795863, 0.0, 0.0, 0.0, 0.0, 0.0, false, 0.6263345195729537, 0.0217458509599739650,0,0,0,0,0,0,0,0,0, 0,0,0,0,0,0,0,0,0,0
"0668_004_02.jpg", 5,false, 110, 81, 152, 171, 1688, 43, 91, 2.23606797749979, 0.0, 0.0, 0.0, 0.0, 0.0, false, 0.902970297029703, 0.0159168564920273360,9,36,117,252,280,288,123,23,0, 177,129,96,60,57,108,156,177,168,0
"0668_004_02.jpg", 6,false, 114, 262, 199, 363, 1956, 86, 102, 37.08436328157732, 0.0, 0.0, 0.0, 0.0, 0.0, true, 1.0, 0.0356817442238854514,0,0,0,0,0,0,24,64,0, 0,0,0,0,0,0,0,42,60,0
"0668_004_03.jpg", 2,true, 360, 11, 517, 132, 13233, 158, 122, 19.525624189766635, 0.0, 0.0, 0.0, 0.0, 0.0, true, 1.0, 0.08339823131370819917,688,329,9,0,0,31,358,710,0, 54,239,477,434,455,300,645,324,114,0
"0668_004_03.jpg", 3,true, 7, 10, 187, 197, 22830, 181, 188, 19.704060495238032, 0.0, 0.0, 0.0, 0.0, 0.0, true, 1.0, 0.1472232317463614606,759,1551,1104,795,636,279,732,1155,0, 0,774,1386,1176,1191,861,471,984,774,0
"0668_004_04.jpg", 2,true, 290, 13, 552, 196, 27123, 263, 184, 32.882366094914765, 0.0, 0.0, 0.0, 0.0, 0.0, true, 1.0, 0.209103557940767241757,486,319,1841,1383,954,24,1211,1838,0, 6,994,1958,1422,1716,216,909,1419,1173,0
"0668_004_04.jpg", 3,false, 88, 10, 289, 108, 12308, 202, 99, 42.547032799009614, 0.0, 0.0, 0.0, 0.0, 0.0, false, 0.8171206225680934, 0.086412071245236060,0,74,43,0,0,0,0,0,0, 0,0,0,0,0,0,0,30,87,0
"0668_004_05.jpg", 2,false, 336, 14, 453, 84, 4364, 118, 71, 22.299103120977758, 0.0, 0.0, 0.0, 0.0, 0.0, false, 0.6731601731601732, 0.01753948897239697499,269,301,412,104,0,26,315,70,0, 57,81,135,216,216,228,228,231,204,0
"0668_004_05.jpg", 3,false, 324, 14, 335, 43, 182, 12, 30, 11.10180165558726, 0.0, 0.0, 0.0, 0.0, 0.0, false, 0.826530612244898, 7.536662723875519E-40,0,0,0,0,0,0,0,0,0, 0,0,0,0,0,0,0,0,0,0
"0668_004_05.jpg", 4,true, 794, 17, 1139, 286, 58534, 346, 270, 50.112373721467236, 0.0, 0.0, 0.0, 0.0, 0.0, true, 1.0, 0.195576397684569721753,1193,484,2,1086,1231,344,246,1263,0, 0,486,1023,837,1044,588,1566,1521,537,0
"0668_004_05.jpg", 5,true, 10, 9, 255, 175, 26912, 246, 167, 2.0615528128088303, 0.0, 0.0, 0.0, 0.0, 0.0, true, 1.0, 0.08600588278395947505,214,653,273,237,0,396,1175,942,0, 0,0,0,15,979,842,987,795,777,0
"0668_004_05.jpg", 6,false, 443, 39, 443, 39, 1, 1, 1, 13.601470508735444, 0.0, 0.0, 0.0, 0.0, 0.0, true, 1.0, 2.0935174232987554E-60,0,0,0,0,0,0,0,0,0, 0,0,0,0,0,0,0,0,0,0
"0668_004_05.jpg", 7,false, 594, 66, 738, 203, 7912, 145, 138, 20.554804791094465, 0.0, 0.0, 0.0, 0.0, 0.0, false, 0.7367915465898175, 0.041891283640208096189,361,374,343,225,158,114,42,57,0, 21,195,219,237,390,324,282,183,12,0
"0668_004_05.jpg", 8,false, 815, 121, 815, 121, 1, 1, 1, 19.4164878389476, 0.0, 0.0, 0.0, 0.0, 0.0, false, 1.0, 2.0935174232987554E-60,0,0,0,0,0,0,0,0,0, 0,0,0,0,0,0,0,0,0,0
"0668_004_05.jpg", 9,false, 888, 195, 888, 195, 1, 1, 1, 0.5, 0.0, 0.0, 0.0, 0.0, 0.0, false, 1.0, 2.0935174232987554E-60,0,0,0,0,0,0,0,0,0, 0,0,0,0,0,0,0,0,0,0
"0668_004_06.jpg", 2,true, 275, 10, 423, 182, 14441, 149, 173, 27.80287754891569, 0.0, 0.0, 0.0, 0.0, 0.0, false, 0.9835555555555555, 0.14384807696600371008,479,172,292,462,939,801,425,784,0, 357,926,398,644,297,358,707,923,752,0
"0668_004_06.jpg", 3,false, 97, 297, 125, 326, 436, 29, 30, 6.020797289396148, 0.0, 0.0, 0.0, 0.0, 0.0, true, 1.0, 0.00485501908524743940,35,29,20,15,14,22,19,19,0, 66,33,0,0,13,26,21,19,35,0
"0668_004_06.jpg", 4,false, 358, 319, 383, 337, 248, 26, 19, 2.0, 0.0, 0.0, 0.0, 0.0, 0.0, true, 1.0, 0.0027567579633473960,0,0,0,0,0,0,0,0,0, 0,0,0,0,0,0,0,0,0,0
"0668_004_06.jpg", 5,false, 9, 301, 111, 399, 5633, 103, 99, 26.575364531836623, 0.0, 0.0, 0.0, 0.0, 0.0, false, 0.8144104803493449, 0.05690417196812428687,61,54,20,10,137,201,267,78,0, 150,60,69,90,63,60,111,141,171,0
"0668_004_07.jpg", 2,true, 448, 13, 686, 225, 37736, 239, 213, 18.560711193270585, 0.0, 0.0, 0.0, 0.0, 0.0, true, 1.0, 0.1760756779192031541,108,234,925,1505,963,296,979,1139,0, 0,0,198,1509,1353,963,303,1055,1309,0
"0668_004_07.jpg", 3,false, 367, 14, 464, 209, 8365, 98, 196, 53.50934497823721, 0.0, 0.0, 0.0, 0.0, 0.0, true, 1.0, 0.06643608190370780,0,0,0,0,0,0,0,0,0, 0,0,0,0,0,0,0,0,0,0
"0668_004_07.jpg", 4,false, 208, 191, 251, 251, 1146, 44, 61, 9.962429422585638, 0.0, 0.0, 0.0, 0.0, 0.0, false, 0.7696793002915452, 0.00928334255672385121,18,34,21,0,0,0,9,20,0, 48,24,6,0,0,0,0,17,28,0
"0668_004_07.jpg", 5,false, 322, 246, 392, 353, 2925, 71, 108, 14.534441853748634, 0.0, 0.0, 0.0, 0.0, 0.0, false, 0.777059773828756, 0.0265218594355285178,236,248,230,200,216,80,44,20,0, 246,267,222,223,275,153,0,12,54,0
"0668_004_07.jpg", 6,false, 195, 274, 250, 328, 1736, 56, 55, 11.672617529928752, 0.0, 0.0, 0.0, 0.0, 0.0, false, 0.5989847715736041, 0.0106530160486995020,0,0,0,59,133,82,8,0,0, 30,27,39,27,24,39,30,30,36,0
"0670_017_01.jpg", 2,true, 269, 11, 493, 189, 26480, 225, 179, 23.243278598338918, 0.0, 0.0, 0.0, 0.0, 0.0, false, 0.8377622377622378, 0.08426014259891544481,441,934,466,259,6,323,901,626,0, 0,69,459,939,885,751,173,441,720,0
"0670_017_01.jpg", 3,true, 961, 13, 1141, 332, 39764, 181, 320, 24.38237068047322, 0.0, 0.0, 0.0, 0.0, 0.0, true, 1.0, 0.12117560420432483363,1356,2106,1773,1590,483,771,1068,300,0, 249,255,1506,1392,750,2196,1884,606,972,0
"0670_017_01.jpg", 4,false, 273, 268, 686, 404, 17000, 414, 137, 59.71808771218315, 0.0, 0.0, 0.0, 0.0, 0.0, true, 1.0, 0.118660875677846961884,1147,1284,185,751,2340,1471,383,1409,0, 2014,1367,1271,1238,1181,1053,1135,863,732,0
"0670_017_02.jpg", 2,true, 500, 11, 749, 216, 32387, 250, 206, 23.40939982143925, 0.0, 0.0, 0.0, 0.0, 0.0, true, 1.0, 0.165965743381511742126,857,667,829,3240,2312,1597,476,856,0, 105,1176,2406,2400,1851,441,1728,1470,1383,0
"0670_017_02.jpg", 3,true, 8, 8, 342, 252, 42912, 335, 245, 33.97793401606401, 0.0, 0.0, 0.0, 0.0, 0.0, true, 1.0, 0.26449783277742867977,1165,2658,1962,1497,1186,1412,831,651,0, 9,1584,2232,2225,826,1362,2541,1257,303,0
"0670_017_02.jpg", 4,true, 310, 10, 509, 247, 22350, 200, 238, 37.963798545456434, 0.0, 0.0, 0.0, 0.0, 0.0, false, 0.9211746522411128, 0.15339746378563027482,379,1004,907,731,292,234,448,344,0, 0,114,1275,135,111,774,372,822,1218,0
"0670_017_02.jpg", 5,false, 608, 169, 608, 169, 1, 1, 1, 14.115594213493104, 0.0, 0.0, 0.0, 0.0, 0.0, true, 1.0, 3.2226357938157618E-60,0,0,0,0,0,0,0,0,0, 0,0,0,0,0,0,0,0,0,0
"0670_017_02.jpg", 6,false, 415, 214, 460, 253, 823, 46, 40, 7.615773105863909, 0.0, 0.0, 0.0, 0.0, 0.0, false, 0.7876106194690266, 0.0059296498606210020,0,0,0,0,0,0,0,0,0, 0,0,0,0,0,0,0,0,0,0
"0670_017_02.jpg", 7,false, 8, 312, 70, 316, 238, 63, 5, 3.640054944640259, 0.0, 0.0, 0.0, 0.0, 0.0, false, 0.5068493150684932, 0.0010151302750519650,0,0,0,0,0,0,0,0,0, 0,0,0,0,0,0,0,0,0,0
"0670_017_03.jpg", 2,true, 109, 7, 356, 195, 29367, 248, 189, 30.858548248418945, 0.0, 0.0, 0.0, 0.0, 0.0, true, 1.0, 0.318917889121737461031,737,0,726,1491,1089,147,620,1431,0, 12,680,1174,834,1707,411,384,1032,1038,0
"0670_017_03.jpg", 3,false, 278, 158, 294, 160, 47, 17, 3, 3.5, 0.0, 0.0, 0.0, 0.0, 0.0, true, 1.0, 3.4700487167623763E-40,0,0,0,0,0,0,0,0,0, 0,0,0,0,0,0,0,0,0,0
"0670_017_04.jpg", 2,true, 676, 9, 888, 162, 20671, 213, 154, 28.653097563788805, 0.0, 0.0, 0.0, 0.0, 0.0, true, 1.0, 0.07020435069215557660,1045,1295,1086,1631,1711,651,906,414,0, 0,918,1488,1785,1608,1437,867,318,978,0
"0670_017_04.jpg", 3,true, 203, 7, 510, 400, 75355, 308, 394, 17.066048165876012, 0.0, 0.0, 0.0, 0.0, 0.0, false, 0.9336760925449872, 0.259723137771918240,0,940,1706,1401,1907,1628,98,0,0, 0,969,1119,1104,219,1203,1065,1074,927,0
"0670_017_04.jpg", 4,true, 992, 11, 1140, 154, 16103, 149, 144, 8.48528137423857, 0.0, 0.0, 0.0, 0.0, 0.0, true, 1.0, 0.0459211190918508492,680,794,977,807,560,624,570,363,0, 9,0,0,446,1300,1110,876,1155,971,0
"0670_017_04.jpg", 5,false, 71, 125, 226, 302, 12043, 156, 178, 60.24325688406961, 0.0, 0.0, 0.0, 0.0, 0.0, true, 1.0, 0.05943035211327894371,354,369,0,0,0,0,0,22,0, 0,0,99,168,186,198,207,219,39,0
"0670_017_05.jpg", 2,true, 313, 5, 520, 115, 13168, 208, 111, 15.524174696260024, 0.0, 0.0, 0.0, 0.0, 0.0, true, 1.0, 0.049215237794778766780,501,468,300,90,138,369,522,798,0, 0,33,255,285,552,774,648,597,822,0
"0670_017_05.jpg", 3,true, 591, 6, 928, 268, 50836, 338, 263, 15.620499351813308, 0.0, 0.0, 0.0, 0.0, 0.0, true, 1.0, 0.18948975002291512114,2331,1950,1583,2921,1891,1709,2205,3478,0, 1081,2802,2838,3111,1092,2877,2958,2027,1396,0
"0670_017_05.jpg", 4,true, 952, 5, 1140, 134, 18251, 189, 130, 13.45362404707371, 0.0, 0.0, 0.0, 0.0, 0.0, true, 1.0, 0.052374324004578754334,356,509,475,613,424,576,501,307,0, 0,0,0,72,705,810,1086,729,693,0
"0670_017_05.jpg", 5,false, 209, 6, 306, 75, 2958, 98, 70, 10.404326023342406, 0.0, 0.0, 0.0, 0.0, 0.0, false, 0.7170953101361573, 0.0146230306337570320,0,0,0,0,84,24,0,0,0, 0,0,0,0,0,0,12,42,54,0
"0670_017_05.jpg", 6,false, 7, 23, 84, 173, 5516, 78, 151, 6.020797289396148, 0.0, 0.0, 0.0, 0.0, 0.0, true, 1.0, 0.0251064219831472760,0,0,0,26,40,21,0,0,0, 0,0,0,0,0,0,0,0,87,0
"0670_017_05.jpg", 7,false, 487, 5, 599, 143, 7979, 113, 139, 40.252329125157466, 0.0, 0.0, 0.0, 0.0, 0.0, false, 0.9153936545240893, 0.0334816242222189040,0,0,0,0,0,0,0,0,0, 0,0,0,0,0,0,0,0,0,0
"0670_017_05.jpg", 8,false, 423, 120, 464, 184, 729, 42, 65, 25.83118270617898, 0.0, 0.0, 0.0, 0.0, 0.0, false, 0.5436507936507936, 0.0058193693338420848,23,61,107,69,67,24,13,6,0, 162,87,48,72,9,0,0,0,0,0
"0670_017_05.jpg", 9,false, 994, 163, 1065, 212, 2003, 72, 50, 2.692582403567252, 0.0, 0.0, 0.0, 0.0, 0.0, true, 1.0, 0.00767389362704450746,46,56,31,27,32,28,42,48,0, 0,0,0,0,0,0,57,185,114,0
"0670_017_05.jpg", 10,false, 461, 172, 683, 354, 14538, 223, 183, 54.037024344425184, 0.0, 0.0, 0.0, 0.0, 0.0, false, 0.6546896873541764, 0.086989979173905360,0,0,585,957,801,309,0,0,0, 330,279,363,84,294,348,441,408,105,0
"0670_018_01.jpg", 2,true, 808, 6, 1030, 193, 25010, 223, 188, 28.622543562723422, 0.0, 0.0, 0.0, 0.0, 0.0, true, 1.0, 0.090630809805871421278,1119,537,349,887,676,236,642,1395,0, 99,846,957,789,909,291,1056,1185,987,0
"0670_018_01.jpg", 3,true, 508, 6, 757, 158, 25855, 250, 153, 13.946325680981353, 0.0, 0.0, 0.0, 0.0, 0.0, true, 1.0, 0.08268839984435125943,1024,1217,1189,1045,854,1225,881,388,0, 0,651,1653,1551,1230,1566,1071,249,795,0
"0670_018_01.jpg", 4,true, 212, 8, 370, 84, 8594, 159, 77, 6.96419413859206, 0.0, 0.0, 0.0, 0.0, 0.0, true, 1.0, 0.02646677331488607529,25,27,22,7,6,18,21,31,0, 186,0,0,0,0,0,0,0,0,0
"0670_018_01.jpg", 5,false, 7, 130, 38, 159, 994, 32, 30, 16.28649747490233, 0.0, 0.0, 0.0, 0.0, 0.0, true, 1.0, 0.00207531670197587440,0,0,0,0,0,0,0,0,0, 0,0,0,0,0,0,0,0,0,0
"0670_018_01.jpg", 6,false, 1019, 200, 1019, 200, 1, 1, 1, 16.101242188104617, 0.0, 0.0, 0.0, 0.0, 0.0, true, 1.0, 2.161788231224869E-60,0,0,0,0,0,0,0,0,0, 0,0,0,0,0,0,0,0,0,0
"0670_018_02.jpg", 2,true, 7, 3, 167, 243, 27092, 161, 241, 30.99193443462347, 0.0, 0.0, 0.0, 0.0, 0.0, true, 1.0, 0.24805968622537047841,183,0,0,200,640,676,1266,1018,0, 0,0,0,939,957,991,719,207,1011,0
"0670_018_02.jpg", 3,false, 278, 3, 385, 83, 5615, 108, 81, 76.00657866263946, 0.0, 0.0, 0.0, 0.0, 0.0, false, 0.9294294294294294, 0.055927067217327930,0,0,0,0,0,0,0,0,0, 0,0,0,0,0,0,0,0,0,0
"0670_018_02.jpg", 4,false, 175, 66, 386, 386, 27277, 212, 321, 45.16912662427734, 0.0, 0.0, 0.0, 0.0, 0.0, true, 1.0, 0.43506501809254692133,1683,938,538,1356,1272,1290,809,1656,0, 1758,3005,1684,1599,987,888,591,659,504,0
"0670_018_02.jpg", 5,false, 32, 305, 54, 318, 70, 23, 14, 6.041522986797286, 0.0, 0.0, 0.0, 0.0, 0.0, true, 1.0, 0.0020585866076794230,0,0,0,0,0,0,0,0,0, 0,0,0,0,0,0,0,0,0,0
"0670_018_02.jpg", 6,false, 270, 328, 270, 328, 1, 1, 1, 6.264982043070834, 0.0, 0.0, 0.0, 0.0, 0.0, true, 1.0, 6.393126110805662E-60,0,0,0,0,0,0,0,0,0, 0,0,0,0,0,0,0,0,0,0
"0670_018_03.jpg", 2,true, 129, 3, 386, 238, 32852, 258, 236, 57.31710041514661, 0.0, 0.0, 0.0, 0.0, 0.0, true, 1.0, 0.3815754841135552394,119,452,1629,1255,244,84,1127,828,0, 0,0,582,912,1317,951,225,1086,1059,0
"0670_018_03.jpg", 3,false, 8, 106, 181, 269, 10350, 174, 164, 30.220026472523152, 0.0, 0.0, 0.0, 0.0, 0.0, true, 1.0, 0.178830607257003241,76,57,55,131,116,247,244,20,0, 0,0,0,90,156,168,105,150,318,0
"0670_018_03.jpg", 4,false, 193, 167, 229, 195, 411, 37, 29, 10.307764064044152, 0.0, 0.0, 0.0, 0.0, 0.0, true, 1.0, 0.00672432161433853512,20,22,13,2,0,0,0,0,0, 0,0,0,0,0,12,15,30,12,0
"0670_018_03.jpg", 5,false, 298, 192, 298, 192, 1, 1, 1, 18.527007313648905, 0.0, 0.0, 0.0, 0.0, 0.0, true, 1.0, 6.2668421382465375E-60,0,0,0,0,0,0,0,0,0, 0,0,0,0,0,0,0,0,0,0
"0670_018_03.jpg", 6,false, 260, 204, 386, 396, 10012, 127, 193, 42.15744299646268, 0.0, 0.0, 0.0, 0.0, 0.0, true, 1.0, 0.1536065676505608851,54,0,0,0,0,0,0,6,0, 0,0,0,0,0,0,0,39,72,0
"0670_018_04.jpg", 2,true, 348, 21, 598, 271, 42219, 251, 251, 14.089002803605371, 0.0, 0.0, 0.0, 0.0, 0.0, true, 1.0, 0.103326909672393291318,957,181,215,822,870,243,174,837,0, 858,0,0,9,852,1610,1169,386,733,0
"0670_018_04.jpg", 3,false, 263, 94, 343, 172, 3425, 81, 79, 19.83053201505194, 0.0, 0.0, 0.0, 0.0, 0.0, false, 0.4604767879548306, 0.01049489523965722227,65,22,0,0,0,0,0,0,0, 0,0,0,0,0,0,12,51,51,0
"0670_018_04.jpg", 4,false, 306, 135, 306, 135, 1, 1, 1, 4.716990566028302, 0.0, 0.0, 0.0, 0.0, 0.0, false, 1.0, 1.6400836442658575E-60,0,0,0,0,0,0,0,0,0, 0,0,0,0,0,0,0,0,0,0
"0670_018_04.jpg", 5,false, 146, 147, 153, 152, 38, 8, 6, 2.692582403567252, 0.0, 0.0, 0.0, 0.0, 0.0, false, 0.47368421052631576, 7.872401492476116E-50,0,0,0,0,0,0,0,0,0, 0,0,0,0,0,0,0,0,0,0
"0670_018_04.jpg", 6,false, 445, 486, 665, 632, 10860, 221, 147, 63.79067329947224, 0.0, 0.0, 0.0, 0.0, 0.0, false, 0.8833671399594321, 0.0532813973512649140,1,59,0,0,0,0,0,0,0, 60,0,0,0,0,0,0,0,0,0
"0670_018_05.jpg", 2,true, 137, 3, 386, 206, 38007, 250, 204, 24.82438317461282, 0.0, 0.0, 0.0, 0.0, 0.0, true, 1.0, 0.32361843482895813243,14,1211,1481,1356,361,398,1658,1402,0, 15,63,1464,1377,1536,1383,324,834,1128,0
"0670_018_05.jpg", 3,true, 6, 52, 154, 290, 25919, 149, 239, 11.423659658795863, 0.0, 0.0, 0.0, 0.0, 0.0, true, 1.0, 0.22596815848419663164,9,0,0,112,336,861,733,386,0, 0,0,0,0,471,600,699,579,252,0
"0670_018_06.jpg", 2,true, 7, 7, 161, 201, 22359, 155, 195, 16.5, 0.0, 0.0, 0.0, 0.0, 0.0, true, 1.0, 0.10336513799117678856,571,362,98,0,0,252,456,1028,0, 8,419,643,749,272,153,387,516,476,0
"0670_018_06.jpg", 3,true, 164, 8, 379, 213, 31197, 216, 206, 43.142206712220926, 0.0, 0.0, 0.0, 0.0, 0.0, true, 1.0, 0.15216989843028625894,720,448,370,60,10,386,897,640,0, 9,534,828,318,946,164,330,652,644,0
"0670_018_06.jpg", 4,true, 514, 7, 651, 165, 15261, 138, 159, 9.055385138137417, 0.0, 0.0, 0.0, 0.0, 0.0, true, 1.0, 0.075038473376423510,129,351,364,392,293,184,6,0,0, 0,69,306,300,279,255,342,63,105,0
"0671_001_01.jpg", 2,true, 451, 7, 717, 153, 26543, 267, 147, 8.73212459828649, 0.0, 0.0, 0.0, 0.0, 0.0, true, 1.0, 0.12877982518308528709,19,276,1637,947,362,93,1058,1634,0, 954,724,1036,802,804,486,150,750,1029,0
"0671_001_01.jpg", 3,false, 134, 32, 165, 50, 632, 32, 19, 2.0615528128088303, 0.0, 0.0, 0.0, 0.0, 0.0, true, 1.0, 0.00199490773551723240,0,0,0,0,0,0,0,0,0, 0,0,0,0,0,0,0,0,0,0
"0671_001_01.jpg", 4,false, 292, 217, 433, 310, 2799, 142, 94, 43.86342439892262, 0.0, 0.0, 0.0, 0.0, 0.0, true, 1.0, 0.04379609943040134553,64,68,230,266,91,32,2,28,0, 36,102,105,81,6,0,0,174,330,0
"0671_001_02.jpg", 2,false, 221, 11, 284, 166, 1336, 64, 156, 1.5811388300841898, 0.0, 0.0, 0.0, 0.0, 0.0, true, 1.0, 0.06583189919490436186,194,292,504,777,669,222,185,181,0, 270,249,231,585,546,468,357,252,252,0
"0671_001_03.jpg", 2,false, 405, 296, 451, 334, 800, 47, 39, 5.024937810560445, 0.0, 0.0, 0.0, 0.0, 0.0, true, 1.0, 0.00816844919786096337,81,92,61,24,29,53,60,34,0, 48,30,15,18,48,78,82,83,69,0
"0671_001_03.jpg", 3,false, 267, 311, 338, 347, 927, 72, 37, 1.118033988749895, 0.0, 0.0, 0.0, 0.0, 0.0, true, 1.0, 0.0118716577540106959,16,57,15,8,33,57,79,38,0, 39,18,27,15,38,16,51,30,78,0
"0671_001_04.jpg", 2,true, 7, 3, 159, 189, 21641, 153, 187, 20.248456731316587, 0.0, 0.0, 0.0, 0.0, 0.0, true, 1.0, 0.12381158448190061163,1138,1314,566,372,144,0,258,578,0, 0,265,615,662,933,771,165,1072,1050,0
"0671_001_04.jpg", 3,true, 281, 7, 493, 228, 25760, 213, 222, 16.32482771731451, 0.0, 0.0, 0.0, 0.0, 0.0, true, 1.0, 0.20462600341865547572,842,581,1511,1554,860,341,1141,989,0, 0,629,1586,1394,954,446,1354,1158,870,0
"0671_001_05.jpg", 2,false, 526, 4, 547, 149, 2658, 22, 146, 34.590461112855955, 0.0, 0.0, 0.0, 0.0, 0.0, true, 1.0, 0.0142803791502907650,0,0,0,0,0,0,0,0,0, 0,0,0,0,0,0,0,0,0,0
"0671_001_05.jpg", 3,false, 276, 104, 413, 209, 6017, 138, 106, 10.198039027185569, 0.0, 0.0, 0.0, 0.0, 0.0, false, 0.7557034220532319, 0.06503530081271897239,229,148,268,232,136,17,85,203,0, 0,0,0,0,12,177,415,470,483,0
"0671_001_05.jpg", 4,false, 402, 196, 406, 210, 61, 5, 15, 6.96419413859206, 0.0, 0.0, 0.0, 0.0, 0.0, false, 0.5652173913043478, 3.334459639700521E-40,0,0,0,0,0,0,0,0,0, 0,0,0,0,0,0,0,0,0,0
"0671_001_05.jpg", 5,false, 181, 197, 196, 213, 112, 16, 17, 6.041522986797286, 0.0, 0.0, 0.0, 0.0, 0.0, true, 1.0, 0.00120929736266472230,0,0,0,0,0,0,0,0,0, 0,0,0,0,0,0,0,0,0,0
"0671_001_05.jpg", 6,false, 5, 264, 68, 356, 2768, 64, 93, 17.67766952966369, 0.0, 0.0, 0.0, 0.0, 0.0, false, 0.9021956087824351, 0.0264622717006633350,0,0,0,0,0,0,0,0,0, 0,0,0,0,0,0,0,0,0,0
"0671_001_06.jpg", 2,false, 218, 9, 274, 46, 1689, 57, 38, 8.54400374531753, 0.0, 0.0, 0.0, 0.0, 0.0, true, 1.0, 0.0092659930355324730,0,0,0,0,0,0,0,0,0, 0,0,0,0,0,0,0,0,0,0
"0671_001_06.jpg", 3,true, 272, 10, 561, 165, 27254, 290, 156, 24.12985702402731, 0.0, 0.0, 0.0, 0.0, 0.0, true, 1.0, 0.19353348334602452305,1295,2110,883,815,618,1588,909,105,0, 0,0,240,1680,1989,1422,1353,1773,171,0
"0671_001_06.jpg", 4,false, 119, 107, 209, 179, 3432, 91, 73, 10.259142264341596, 0.0, 0.0, 0.0, 0.0, 0.0, true, 1.0, 0.028418278732706474137,118,0,100,145,151,33,7,128,0, 0,0,0,0,69,183,192,195,180,0
"0671_001_07.jpg", 2,true, 208, 7, 552, 194, 40681, 345, 188, 21.691011963483863, 0.0, 0.0, 0.0, 0.0, 0.0, true, 1.0, 0.28649042602530971245,1554,877,801,2324,2372,1967,2388,1838,0, 44,1754,2861,2690,1887,560,2261,1626,1683,0
"0671_001_07.jpg", 3,false, 7, 71, 122, 161, 5064, 116, 91, 8.845903006477066, 0.0, 0.0, 0.0, 0.0, 0.0, true, 1.0, 0.046626471432672980,0,0,6,49,47,32,4,0,0, 0,0,0,0,0,0,0,0,138,0
"0671_001_07.jpg", 4,false, 426, 258, 552, 396, 11581, 127, 139, 30.5, 0.0, 0.0, 0.0, 0.0, 0.0, true, 1.0, 0.077974336889065580,0,0,0,0,0,15,48,15,0, 78,0,0,0,0,0,0,0,0,0
"0671_001_08.jpg", 2,true, 173, 7, 554, 222, 53787, 382, 216, 20.554804791094465, 0.0, 0.0, 0.0, 0.0, 0.0, true, 1.0, 0.35937282229965156423,2007,2771,598,3738,3180,1266,2231,1900,0, 0,1161,2898,2922,1932,1317,2955,3126,1803,0
"0671_001_08.jpg", 3,true, 6, 5, 138, 156, 14342, 133, 152, 28.991378028648448, 0.0, 0.0, 0.0, 0.0, 0.0, true, 1.0, 0.0880487804878048772,0,8,517,553,307,231,373,297,0, 0,0,186,567,510,372,474,99,150,0
"0671_001_08.jpg", 4,false, 54, 215, 54, 215, 1, 1, 1, 0.5, 0.0, 0.0, 0.0, 0.0, 0.0, true, 1.0, 4.3554006968641115E-60,0,0,0,0,0,0,0,0,0, 0,0,0,0,0,0,0,0,0,0
"0671_002_01.jpg", 2,true, 270, 7, 544, 214, 43213, 275, 208, 20.81465829649865, 0.0, 0.0, 0.0, 0.0, 0.0, true, 1.0, 0.25506450188845831924,1482,1460,329,803,2327,1728,1046,259,0, 0,543,2019,2052,1590,510,1614,1614,1416,0
"0671_002_02.jpg", 2,true, 276, 9, 554, 190, 36839, 279, 182, 15.0, 0.0, 0.0, 0.0, 0.0, 0.0, true, 1.0, 0.221699266503667471659,1223,590,138,979,2287,1417,30,338,0, 15,690,1743,1488,1542,486,534,906,1257,0
"0671_002_02.jpg", 3,false, 123, 6, 248, 230, 16566, 126, 225, 12.349089035228468, 0.0, 0.0, 0.0, 0.0, 0.0, true, 1.0, 0.123777506112469430,0,0,0,0,0,0,0,0,0, 0,0,0,0,0,0,0,0,0,0
"0671_002_03.jpg", 2,true, 122, 5, 549, 194, 49821, 428, 190, 16.507574019219177, 0.0, 0.0, 0.0, 0.0, 0.0, true, 1.0, 0.267363679702783131021,2451,2863,1472,3025,3396,1083,3128,1886,0, 0,174,3015,4309,3400,3520,747,1926,3234,0
"0671_002_03.jpg", 3,true, 572, 20, 707, 194, 17833, 136, 175, 9.82344135219425, 0.0, 0.0, 0.0, 0.0, 0.0, true, 1.0, 0.0782495766960924561,39,20,169,287,453,305,327,247,0, 243,9,0,0,147,354,438,363,354,0
"0671_002_03.jpg", 4,false, 460, 179, 483, 208, 520, 24, 30, 2.8284271247461903, 0.0, 0.0, 0.0, 0.0, 0.0, true, 1.0, 0.00236721408492380530,0,0,0,0,0,0,0,0,0, 0,0,0,0,0,0,0,0,0,0
"0671_002_03.jpg", 5,false, 275, 284, 343, 312, 730, 69, 29, 11.335784048754634, 0.0, 0.0, 0.0, 0.0, 0.0, false, 0.6100917431192661, 0.00657888247768407669,63,42,36,32,39,38,47,54,0, 127,116,81,96,0,0,0,0,0,0
"0671_002_03.jpg", 6,false, 365, 334, 454, 395, 2219, 90, 62, 30.463092423455635, 0.0, 0.0, 0.0, 0.0, 0.0, false, 0.6243386243386243, 0.018345909158159490,0,0,0,0,0,0,0,0,0, 0,0,0,0,0,0,0,0,0,0
"0671_002_05.jpg", 2,true, 404, 236, 545, 397, 16809, 142, 162, 15.532224567009067, 0.0, 0.0, 0.0, 0.0, 0.0, true, 1.0, 0.1022077477773680377,68,83,116,82,78,102,97,143,0, 9,0,0,0,0,0,0,0,837,0
"0671_002_06.jpg", 2,true, 251, 10, 402, 123, 10745, 152, 114, 7.905694150420948, 0.0, 0.0, 0.0, 0.0, 0.0, true, 1.0, 0.0744281940596611687,258,338,92,18,273,401,581,522,0, 0,184,709,346,533,398,433,379,188,0
"0671_002_06.jpg", 3,true, 6, 7, 197, 239, 25829, 192, 233, 15.572411502397436, 0.0, 0.0, 0.0, 0.0, 0.0, true, 1.0, 0.19215256748920817948,738,837,1135,874,1347,1003,681,1155,0, 12,0,723,1233,1368,981,1575,1356,1470,0
"0671_002_06.jpg", 4,true, 398, 24, 555, 213, 17988, 158, 190, 12.175795661885921, 0.0, 0.0, 0.0, 0.0, 0.0, true, 1.0, 0.12894358181388657286,108,478,1024,931,845,976,717,224,0, 150,156,153,873,894,933,855,795,780,0
"0671_003_01.jpg", 2,true, 8, 7, 125, 147, 10780, 118, 141, 17.69180601295413, 0.0, 0.0, 0.0, 0.0, 0.0, true, 1.0, 0.0622400119706718563,6,9,117,495,852,945,604,341,0, 93,285,525,588,468,624,279,150,420,0
"0671_003_01.jpg", 3,true, 164, 8, 281, 174, 12694, 118, 167, 15.700318468107582, 0.0, 0.0, 0.0, 0.0, 0.0, true, 1.0, 0.073716893610653981,0,0,64,223,472,360,294,264,0, 45,33,291,372,426,297,0,240,54,0
"0671_003_01.jpg", 4,false, 488, 110, 513, 153, 1040, 26, 44, 12.854960132182441, 0.0, 0.0, 0.0, 0.0, 0.0, true, 1.0, 0.0042795151877899150,0,0,0,0,0,0,0,0,0, 0,0,0,0,0,0,0,0,0,0
"0671_003_01.jpg", 5,false, 77, 152, 150, 239, 2948, 74, 88, 22.20360331117452, 0.0, 0.0, 0.0, 0.0, 0.0, true, 1.0, 0.02436031722280413104,81,57,83,122,95,78,92,95,0, 108,138,182,4,0,0,135,194,46,0
"0671_003_02.jpg", 2,true, 8, 6, 164, 159, 15852, 157, 154, 20.26079958935481, 0.0, 0.0, 0.0, 0.0, 0.0, true, 1.0, 0.12550937245313773191,771,1002,1010,728,553,338,75,42,0, 135,132,807,816,864,735,816,78,327,0
"0671_003_02.jpg", 3,true, 202, 8, 441, 171, 21268, 240, 164, 17.0, 0.0, 0.0, 0.0, 0.0, 0.0, true, 1.0, 0.20431999750829272549,52,560,1250,1178,567,773,1708,674,0, 87,0,965,1598,1250,1292,925,414,780,0
"0671_003_03.jpg", 2,true, 8, 8, 215, 242, 30054, 208, 235, 47.793828053421294, 0.0, 0.0, 0.0, 0.0, 0.0, false, 0.8450567260940033, 0.32065074783521386753,1152,780,1011,1299,1683,780,24,12,0, 0,30,1134,1098,1194,408,963,1254,1413,0
"0671_003_03.jpg", 3,true, 211, 8, 360, 230, 22735, 150, 223, 9.5, 0.0, 0.0, 0.0, 0.0, 0.0, false, 0.9988640666414237, 0.21943059564418788829,1245,1410,1321,597,336,438,239,209,0, 0,0,1074,1397,1060,1023,213,909,948,0
"0671_003_03.jpg", 4,false, 214, 230, 360, 400, 13753, 147, 171, 37.821951298154886, 0.0, 0.0, 0.0, 0.0, 0.0, true, 1.0, 0.1648976646549462111,117,99,0,18,72,105,111,111,0, 0,0,0,0,0,0,0,258,486,0
"0671_003_03.jpg", 5,false, 46, 311, 60, 324, 68, 15, 14, 3.5355339059327378, 0.0, 0.0, 0.0, 0.0, 0.0, true, 1.0, 0.00137759118341642620,0,0,0,0,0,0,0,0,0, 0,0,0,0,0,0,0,0,0,0
"0671_003_04.jpg", 2,true, 9, 8, 350, 278, 53415, 342, 271, 14.0089257261219, 0.0, 0.0, 0.0, 0.0, 0.0, true, 1.0, 0.6286039839664681225,2713,3548,2042,2357,1839,3576,2360,1745,0, 0,2571,4743,3869,1114,2721,2930,1999,1458,0
"0671_003_04.jpg", 3,false, 186, 262, 258, 329, 2722, 73, 68, 25.298221281347036, 0.0, 0.0, 0.0, 0.0, 0.0, false, 0.9041450777202072, 0.033667704369883550,0,0,3,36,57,12,0,0,0, 0,0,0,0,0,0,27,33,48,0
"0671_003_05.jpg", 2,true, 8, 7, 215, 324, 39548, 208, 318, 23.33452377915607, 0.0, 0.0, 0.0, 0.0, 0.0, true, 1.0, 0.433569092208158261209,1233,1089,1497,1593,1275,744,1248,1215,0, 183,1929,2223,1389,891,1020,876,1017,1575,0
"0671_003_05.jpg", 3,true, 221, 7, 363, 206, 19988, 143, 200, 42.547032799009614, 0.0, 0.0, 0.0, 0.0, 0.0, true, 1.0, 0.1874709125113892739,968,710,591,495,107,0,0,248,0, 0,18,411,900,593,778,90,348,720,0
"0671_003_06.jpg", 2,true, 374, 9, 645, 290, 53439, 272, 282, 15.305227865013967, 0.0, 0.0, 0.0, 0.0, 0.0, true, 1.0, 0.28702290076335882159,1681,462,1400,3150,3831,2368,816,804,0, 0,0,1273,3524,3540,1575,2229,1989,2541,0
"0671_003_06.jpg", 3,true, 210, 18, 347, 253, 22278, 138, 236, 6.4031242374328485, 0.0, 0.0, 0.0, 0.0, 0.0, true, 1.0, 0.12186798383475528908,758,449,236,49,0,27,610,941,0, 0,0,324,680,571,615,335,972,481,0
"0671_003_07.jpg", 2,true, 236, 8, 464, 201, 32535, 229, 194, 12.36931687685298, 0.0, 0.0, 0.0, 0.0, 0.0, true, 1.0, 0.231339630698091975,1356,780,364,581,925,665,355,686,0, 123,0,732,1488,1203,960,357,474,1350,0
"0671_003_08.jpg", 2,true, 6, 7, 327, 291, 45092, 322, 285, 22.47220505424423, 0.0, 0.0, 0.0, 0.0, 0.0, true, 1.0, 0.398982652928133561175,2664,4009,2862,1517,1526,1670,2322,1281,0, 1311,3357,3960,888,2574,2433,852,2172,1479,0
"0671_003_08.jpg", 3,true, 354, 7, 550, 192, 20696, 197, 186, 46.32763753959401, 0.0, 0.0, 0.0, 0.0, 0.0, true, 1.0, 0.15930611712534237602,411,685,717,813,1166,705,1101,298,0, 0,225,1266,957,603,1035,172,974,1266,0
"0671_003_08.jpg", 4,false, 488, 103, 488, 103, 1, 1, 1, 0.5, 0.0, 0.0, 0.0, 0.0, 0.0, false, 1.0, 4.347637059258293E-60,0,0,0,0,0,0,0,0,0, 0,0,0,0,0,0,0,0,0,0
"0671_003_08.jpg", 5,false, 523, 126, 523, 126, 1, 1, 1, 4.527692569068709, 0.0, 0.0, 0.0, 0.0, 0.0, false, 1.0, 4.347637059258293E-60,0,0,0,0,0,0,0,0,0, 0,0,0,0,0,0,0,0,0,0
"0671_003_09.jpg", 2,true, 284, 8, 553, 196, 27463, 270, 189, 16.194134740701646, 0.0, 0.0, 0.0, 0.0, 0.0, true, 1.0, 0.222653693442122271136,1202,347,542,2329,2467,716,528,1065,0, 0,198,1875,2111,1889,1850,95,1181,1133,0
"0671_003_09.jpg", 3,true, 7, 6, 105, 223, 17295, 99, 218, 9.848857801796104, 0.0, 0.0, 0.0, 0.0, 0.0, true, 1.0, 0.09416641214712684229,301,310,213,212,174,52,93,186,0, 0,0,165,168,102,375,18,468,474,0
"0671_003_09.jpg", 4,false, 397, 130, 423, 156, 437, 27, 27, 4.47213595499958, 0.0, 0.0, 0.0, 0.0, 0.0, true, 1.0, 0.00318076704917317520,0,0,3,4,4,1,0,0,0, 0,0,0,0,0,0,0,0,12,0
"0671_003_09.jpg", 5,true, 7, 234, 144, 314, 6265, 138, 81, 29.261749776799064, 0.0, 0.0, 0.0, 0.0, 0.0, true, 1.0, 0.0487717614206553550,90,61,109,139,141,108,51,108,0, 0,0,75,261,240,189,42,0,0,0
"0671_003_09.jpg", 6,false, 165, 239, 351, 397, 15290, 187, 159, 49.99249943741561, 0.0, 0.0, 0.0, 0.0, 0.0, false, 0.7775718257645968, 0.12973079104672980,0,0,0,4,5,0,0,0,0, 9,0,0,0,0,0,0,0,0,0
"0671_003_09.jpg", 7,false, 178, 358, 178, 358, 1, 1, 1, 0.0, 0.0, 0.0, 0.0, 0.0, 0.0, false, 1.0, 4.363192111348662E-60,0,0,0,0,0,0,0,0,0, 0,0,0,0,0,0,0,0,0,0
"0671_003_09.jpg", 8,false, 472, 330, 550, 400, 2294, 79, 71, 15.435349040433131, 0.0, 0.0, 0.0, 0.0, 0.0, true, 1.0, 0.024473144552554650,0,0,0,0,0,0,0,0,0, 0,0,0,0,0,0,0,0,0,0
"0671_003_09.jpg", 9,false, 81, 349, 110, 396, 860, 30, 48, 6.576473218982953, 0.0, 0.0, 0.0, 0.0, 0.0, false, 0.5022026431718062, 0.0062829966403420740,0,0,0,0,0,0,0,0,0, 0,0,0,0,0,0,0,0,0,0
"0671_004_01.jpg", 2,true, 107, 97, 383, 417, 64374, 277, 321, 7.905694150420948, 0.0, 0.0, 0.0, 0.0, 0.0, true, 1.0, 0.146515203195365151394,788,106,1059,1117,897,588,362,1564,0, 0,0,0,0,90,2457,2586,1410,1332,0
"0671_004_01.jpg", 3,false, 12, 229, 45, 342, 3449, 34, 114, 8.139410298049853, 0.0, 0.0, 0.0, 0.0, 0.0, true, 1.0, 0.00638677561754484850,0,0,0,0,0,0,0,0,0, 0,0,0,0,0,0,0,0,0,0
"0671_004_01.jpg", 4,false, 101, 535, 188, 587, 1411, 88, 53, 30.99193443462347, 0.0, 0.0, 0.0, 0.0, 0.0, true, 1.0, 0.00768522226012104661,117,139,43,21,0,0,7,62,0, 168,111,99,72,0,0,0,0,0,0
"d010.jpg", 2,true, 352, 7, 618, 175, 29699, 267, 169, 20.426698215815495, 0.0, 0.0, 0.0, 0.0, 0.0, true, 1.0, 0.1480204564316714937,1910,557,0,119,1561,1794,537,79,0, 147,939,1249,1067,984,231,699,1332,846,0
"d010.jpg", 3,false, 158, 199, 223, 239, 1192, 66, 41, 6.96419413859206, 0.0, 0.0, 0.0, 0.0, 0.0, true, 1.0, 0.0088767004654855130,0,0,0,0,0,0,0,0,0, 0,0,0,0,0,0,0,0,0,0
"d0101.jpg", 2,true, 175, 11, 415, 176, 27388, 241, 166, 18.200274723201296, 0.0, 0.0, 0.0, 0.0, 0.0, true, 1.0, 0.236883086123693631032,228,129,1288,1496,925,664,1335,1558,0, 135,804,1477,1547,1219,1225,286,884,1078,0
"d0101.jpg", 3,false, 77, 136, 157, 214, 1951, 81, 79, 13.509256086106296, 0.0, 0.0, 0.0, 0.0, 0.0, true, 1.0, 0.03788968824940048132,115,113,115,96,124,108,74,104,0, 111,121,105,188,60,45,285,66,0,0
"d0101.jpg", 4,false, 111, 264, 154, 284, 636, 44, 21, 2.692582403567252, 0.0, 0.0, 0.0, 0.0, 0.0, true, 1.0, 0.0054711786126654230,0,0,0,0,0,0,0,0,0, 0,0,0,0,0,0,0,0,0,0
"d0102.jpg", 2,true, 86, 9, 219, 153, 12375, 134, 145, 23.769728648009426, 0.0, 0.0, 0.0, 0.0, 0.0, true, 1.0, 0.21481481481481482301,70,29,29,32,82,232,567,515,0, 288,129,225,245,307,198,197,40,228,0
"d0102.jpg", 3,false, 37, 113, 137, 189, 3148, 101, 77, 12.658988901172163, 0.0, 0.0, 0.0, 0.0, 0.0, false, 0.6397163120567376, 0.085981205085682749,128,237,163,128,165,78,48,51,0, 222,177,66,51,63,51,87,120,210,0
"d0103.jpg", 2,true, 130, 11, 373, 196, 24411, 244, 186, 18.607794065928395, 0.0, 0.0, 0.0, 0.0, 0.0, true, 1.0, 0.24658516707416464926,647,1592,1684,1489,1489,1083,1008,1821,0, 393,921,1965,1602,1590,1314,633,1776,1545,0
"d0103.jpg", 3,false, 210, 322, 259, 354, 1006, 50, 33, 16.00781059358212, 0.0, 0.0, 0.0, 0.0, 0.0, false, 0.5042016806722689, 0.0089649551752241240,0,0,0,0,0,0,0,0,0, 0,0,0,0,0,0,0,0,0,0
"d0104.jpg", 2,true, 216, 11, 584, 294, 63551, 369, 284, 24.520399670478458, 0.0, 0.0, 0.0, 0.0, 0.0, true, 1.0, 0.199456422437420072915,647,83,1888,1703,1141,935,501,2982,0, 618,793,2912,1913,2539,438,1107,1374,1101,0
"d0104.jpg", 3,true, 34, 215, 267, 449, 36261, 234, 235, 13.038404810405298, 0.0, 0.0, 0.0, 0.0, 0.0, true, 1.0, 0.10466152019002375440,754,642,848,881,456,1100,561,57,0, 171,0,0,0,0,1194,1821,1356,1197,0
"d0104.jpg", 4,false, 90, 511, 162, 613, 3227, 73, 103, 17.066048165876012, 0.0, 0.0, 0.0, 0.0, 0.0, false, 0.649090909090909, 0.014310783238930508126,105,78,72,81,72,75,90,135,0, 0,0,36,393,207,180,18,0,0,0
"d0104.jpg", 5,false, 226, 517, 346, 677, 7208, 121, 161, 11.661903789690601, 0.0, 0.0, 0.0, 0.0, 0.0, false, 0.7052868391451068, 0.037077851878920765132,75,12,0,0,0,22,104,180,0, 0,0,0,0,0,36,141,189,159,0
"d0105.jpg", 2,true, 383, 6, 554, 153, 17755, 172, 148, 15.532224567009067, 0.0, 0.0, 0.0, 0.0, 0.0, true, 1.0, 0.11089619600257898403,499,340,800,766,366,542,677,269,0, 174,402,639,528,600,567,177,609,966,0
"d0105.jpg", 3,true, 13, 8, 176, 167, 17809, 164, 160, 12.083045973594572, 0.0, 0.0, 0.0, 0.0, 0.0, true, 1.0, 0.1143116036733058524,774,766,843,471,613,360,352,493,0, 366,0,458,949,927,738,1043,127,588,0
"d0105.jpg", 4,true, 240, 16, 356, 178, 13113, 117, 163, 0.5, 0.0, 0.0, 0.0, 0.0, 0.0, true, 1.0, 0.08308066286789694,305,266,263,476,371,213,67,0,0, 0,0,357,384,336,438,222,93,135,0
"d0105.jpg", 5,false, 326, 105, 432, 201, 3954, 107, 97, 6.800735254367722, 0.0, 0.0, 0.0, 0.0, 0.0, false, 0.7621951219512195, 0.045214944151114364176,113,4,0,0,6,92,138,116,0, 75,78,81,77,75,22,48,90,99,0
"d0105.jpg", 6,false, 228, 156, 290, 243, 2759, 63, 88, 19.912307751739878, 0.0, 0.0, 0.0, 0.0, 0.0, false, 0.6550632911392406, 0.0241518113858539380,0,0,0,0,0,0,0,0,0, 0,0,0,0,0,0,0,0,0,0
"d0105.jpg", 7,false, 280, 205, 359, 330, 4287, 80, 126, 17.269916039170543, 0.0, 0.0, 0.0, 0.0, 0.0, false, 0.5767045454545454, 0.0439123843379162560,0,0,0,2,28,39,0,0,0, 69,0,0,0,0,0,0,0,0,0
"d0105.jpg", 8,false, 197, 289, 287, 376, 3516, 91, 88, 15.945218719101975, 0.0, 0.0, 0.0, 0.0, 0.0, true, 1.0, 0.0348859497795668224,79,105,146,300,328,239,253,306,0, 381,261,63,117,180,156,240,273,309,0
"d0105.jpg", 9,false, 51, 380, 51, 380, 1, 1, 1, 13.647344063956181, 0.0, 0.0, 0.0, 0.0, 0.0, true, 1.0, 4.356387335110739E-60,0,0,0,0,0,0,0,0,0, 0,0,0,0,0,0,0,0,0,0
"d0106.jpg", 2,true, 130, 9, 343, 191, 26312, 214, 183, 6.4031242374328485, 0.0, 0.0, 0.0, 0.0, 0.0, true, 1.0, 0.181937282229965161192,735,167,654,1064,199,680,754,765,0, 615,867,990,834,297,477,822,822,486,0
"d0106.jpg", 3,true, 355, 5, 511, 148, 16001, 157, 144, 14.080127840328723, 0.0, 0.0, 0.0, 0.0, 0.0, true, 1.0, 0.10503135888501743436,409,706,441,145,19,16,42,384,0, 60,0,246,777,360,249,468,285,153,0
"d0106.jpg", 4,false, 274, 116, 386, 207, 3519, 113, 92, 16.56804152578089, 0.0, 0.0, 0.0, 0.0, 0.0, true, 1.0, 0.04829732868757259110,0,0,18,73,53,200,277,163,0, 105,159,27,42,156,130,122,39,114,0
"d0106.jpg", 5,false, 18, 141, 285, 403, 22566, 268, 263, 27.879203718901298, 0.0, 0.0, 0.0, 0.0, 0.0, true, 1.0, 0.32745180023228804531,0,120,534,261,0,105,684,414,0, 279,972,804,297,297,0,0,0,0,0
"d0106.jpg", 6,false, 383, 246, 513, 399, 10782, 131, 154, 64.66065264130884, 0.0, 0.0, 0.0, 0.0, 0.0, true, 1.0, 0.0937235772357723693,135,211,238,298,187,134,12,6,0, 0,18,366,135,0,9,324,288,174,0
"d0106.jpg", 7,false, 286, 337, 319, 341, 137, 34, 5, 2.5495097567963922, 0.0, 0.0, 0.0, 0.0, 0.0, true, 1.0, 7.897793263646922E-40,0,0,0,0,0,0,0,0,0, 0,0,0,0,0,0,0,0,0,0
"d0107.jpg", 2,true, 271, 43, 496, 335, 47402, 226, 293, 12.206555615733702, 0.0, 0.0, 0.0, 0.0, 0.0, true, 1.0, 0.10430199663552109977,602,146,540,186,144,168,576,798,0, 102,0,0,0,0,375,1791,1530,339,0
"d0107.jpg", 3,false, 563, 120, 578, 156, 189, 16, 37, 7.826237921249264, 0.0, 0.0, 0.0, 0.0, 0.0, false, 0.5952380952380952, 9.324773023683664E-40,0,0,0,0,0,0,0,0,0, 0,0,0,0,0,0,0,0,0,0
"d0107.jpg", 4,false, 162, 124, 190, 145, 252, 29, 22, 5.0, 0.0, 0.0, 0.0, 0.0, 0.0, true, 1.0, 0.001004933308971313823,28,27,30,17,20,23,20,19,0, 30,30,30,38,21,22,27,0,9,0
"d0107.jpg", 5,true, 545, 136, 738, 415, 36888, 194, 280, 6.020797289396148, 0.0, 0.0, 0.0, 0.0, 0.0, true, 1.0, 0.085561093014610911345,1226,643,266,626,362,96,408,1097,0, 666,93,0,794,1052,893,722,881,968,0
"d0107.jpg", 6,false, 206, 177, 236, 218, 276, 31, 42, 11.280514172678478, 0.0, 0.0, 0.0, 0.0, 0.0, true, 1.0, 0.00205082001297907628,32,33,45,20,22,19,4,4,0, 51,39,18,24,9,21,0,24,21,0
"d0107.jpg", 7,false, 123, 258, 191, 303, 913, 69, 46, 28.20017730440715, 0.0, 0.0, 0.0, 0.0, 0.0, true, 1.0, 0.0049994644556033712,26,28,36,51,51,40,53,27,0, 6,15,0,39,48,66,69,30,51,0
"d0107.jpg", 8,false, 144, 278, 144, 278, 1, 1, 1, 10.44030650891055, 0.0, 0.0, 0.0, 0.0, 0.0, true, 1.0, 1.5751305783249431E-60,0,0,0,0,0,0,0,0,0, 0,0,0,0,0,0,0,0,0,0
"d0107.jpg", 9,false, 217, 266, 265, 295, 529, 49, 30, 7.826237921249264, 0.0, 0.0, 0.0, 0.0, 0.0, true, 1.0, 0.00231544195013766660,0,10,36,14,0,0,0,0,0, 6,0,0,0,0,15,9,6,24,0
"d0107.jpg", 10,false, 195, 342, 234, 367, 299, 40, 26, 6.5, 0.0, 0.0, 0.0, 0.0, 0.0, true, 1.0, 0.001638135801457940818,8,8,24,32,53,24,10,21,0, 48,15,24,18,15,12,30,12,24,0
"d0107.jpg", 11,false, 460, 462, 460, 462, 1, 1, 1, 5.852349955359813, 0.0, 0.0, 0.0, 0.0, 0.0, true, 1.0, 1.5751305783249431E-60,0,0,0,0,0,0,0,0,0, 0,0,0,0,0,0,0,0,0,0
"d0107.jpg", 12,false, 529, 512, 539, 521, 51, 11, 10, 1.118033988749895, 0.0, 0.0, 0.0, 0.0, 0.0, true, 1.0, 1.7326436361574376E-47,4,4,4,4,4,4,8,6,0, 21,0,0,0,0,0,0,4,20,0
"d0107.jpg", 13,false, 415, 467, 498, 531, 1929, 84, 65, 52.15841255253078, 0.0, 0.0, 0.0, 0.0, 0.0, true, 1.0, 0.008600212957654190,0,0,0,0,16,93,77,6,0, 48,54,33,51,6,0,0,0,0,0
"d0107.jpg", 14,false, 58, 587, 70, 595, 58, 13, 9, 4.031128874149275, 0.0, 0.0, 0.0, 0.0, 0.0, true, 1.0, 1.8429027766401834E-40,0,0,0,0,0,0,0,0,0, 0,0,0,0,0,0,0,0,0,0
"d0107.jpg", 15,false, 368, 735, 368, 735, 1, 1, 1, 0.5, 0.0, 0.0, 0.0, 0.0, 0.0, true, 1.0, 1.5751305783249431E-60,0,0,1,1,1,1,1,1,0, 0,6,0,0,0,0,0,0,0,0
"d0108.jpg", 2,true, 497, 48, 651, 208, 16784, 155, 161, 28.50438562747845, 0.0, 0.0, 0.0, 0.0, 0.0, true, 1.0, 0.0852238770289976327,208,517,392,193,206,235,93,37,0, 141,30,0,0,0,357,597,429,354,0
"d0108.jpg", 3,true, 64, 69, 206, 278, 21108, 143, 210, 13.313526955694348, 0.0, 0.0, 0.0, 0.0, 0.0, false, 0.9958540630182421, 0.10255552102507709853,737,534,404,291,461,563,736,845,0, 0,0,0,0,0,1133,1623,1311,1357,0
"d0108.jpg", 4,false, 220, 152, 261, 224, 611, 42, 73, 19.6596032513375, 0.0, 0.0, 0.0, 0.0, 0.0, true, 1.0, 0.01047070354521766240,12,75,109,95,111,90,108,77,0, 123,114,24,0,0,96,126,126,108,0
"d011.jpg", 2,false, 132, 8, 209, 108, 3916, 78, 101, 14.577379737113251, 0.0, 0.0, 0.0, 0.0, 0.0, false, 0.6759259259259259, 0.0537190082644628110,0,0,0,18,108,92,81,51,0, 12,0,0,0,0,0,39,120,189,0
"d011.jpg", 3,true, 7, 43, 110, 240, 12015, 104, 198, 4.924428900898052, 0.0, 0.0, 0.0, 0.0, 0.0, true, 1.0, 0.1404140414041404805,634,706,561,389,262,405,525,579,0, 18,0,27,365,887,1349,1158,654,408,0
"d011.jpg", 4,false, 136, 79, 150, 88, 53, 15, 10, 7.158910531638177, 0.0, 0.0, 0.0, 0.0, 0.0, true, 1.0, 0.0010228295556828410,0,0,0,0,0,0,0,0,0, 0,0,0,0,0,0,0,0,0,0
"d011.jpg", 5,false, 173, 336, 281, 398, 3435, 109, 63, 13.92838827718412, 0.0, 0.0, 0.0, 0.0, 0.0, false, 0.8011869436201781, 0.04682513705916046450,31,0,0,0,0,0,0,9,0, 0,0,0,0,0,0,12,42,36,0
"d012.jpg", 2,true, 151, 5, 415, 196, 31538, 265, 192, 20.615528128088304, 0.0, 0.0, 0.0, 0.0, 0.0, true, 1.0, 0.230018083182640141297,1780,1080,253,493,690,176,303,933,0, 0,39,618,1407,1107,1473,1461,738,162,0
"d012.jpg", 3,true, 81, 302, 298, 392, 13437, 218, 91, 14.916433890176299, 0.0, 0.0, 0.0, 0.0, 0.0, true, 1.0, 0.089683544303797460,15,81,208,200,170,43,0,0,0, 624,93,0,0,0,0,0,0,0,0
"d013.jpg", 2,true, 230, 7, 407, 172, 19588, 178, 166, 18.117670931993437, 0.0, 0.0, 0.0, 0.0, 0.0, true, 1.0, 0.13148924429729705693,780,574,257,144,0,22,303,500,0, 21,336,510,621,507,303,21,420,534,0
"d013.jpg", 3,false, 83, 6, 227, 99, 6516, 145, 94, 33.36540124140574, 0.0, 0.0, 0.0, 0.0, 0.0, false, 0.6086021505376344, 0.0606537972036063191,29,14,14,37,159,17,17,17,0, 132,0,0,0,0,27,102,117,117,0
"d013.jpg", 4,false, 408, 218, 428, 248, 310, 21, 31, 2.0615528128088303, 0.0, 0.0, 0.0, 0.0, 0.0, true, 1.0, 0.0028969641951245560,0,0,0,0,0,0,0,0,0, 0,0,0,0,0,0,0,0,0,0
"d013.jpg", 5,false, 444, 239, 478, 258, 357, 35, 20, 5.5901699437494745, 0.0, 0.0, 0.0, 0.0, 0.0, true, 1.0, 0.00311501526357479140,5,5,2,0,0,0,0,0,0, 0,0,0,0,0,0,0,0,12,0
"d014.jpg", 2,true, 452, 5, 793, 201, 43740, 342, 197, 28.64000698323937, 0.0, 0.0, 0.0, 0.0, 0.0, true, 1.0, 0.14686622604328341568,1565,1965,2183,1763,564,1507,1598,1225,0, 0,468,2052,2512,2033,2259,600,1980,2034,0
"d014.jpg", 3,true, 881, 6, 1137, 235, 43429, 257, 230, 23.817010727629107, 0.0, 0.0, 0.0, 0.0, 0.0, true, 1.0, 0.12885182149521301736,22,997,2493,1698,263,456,1936,1404,0, 0,411,1745,1666,1476,579,1290,1635,1203,0
"d014.jpg", 4,true, 5, 5, 188, 264, 36940, 184, 260, 6.103277807866851, 0.0, 0.0, 0.0, 0.0, 0.0, true, 1.0, 0.10428474268873271207,551,1092,975,847,1292,994,504,681,0, 0,0,372,1350,1395,648,792,1533,1053,0
"d014.jpg", 5,false, 390, 17, 442, 103, 1295, 53, 87, 20.554804791094465, 0.0, 0.0, 0.0, 0.0, 0.0, false, 0.5767441860465117, 0.0100513576199361740,66,154,179,145,125,59,4,0,0, 84,69,81,69,93,102,114,54,66,0
"d014.jpg", 6,false, 804, 25, 881, 121, 3834, 78, 97, 6.519202405202649, 0.0, 0.0, 0.0, 0.0, 0.0, true, 1.0, 0.0164928587621854460,0,0,0,0,0,0,0,0,0, 0,0,0,0,0,0,0,0,0,0
"d014.jpg", 7,false, 721, 127, 721, 127, 1, 1, 1, 5.5, 0.0, 0.0, 0.0, 0.0, 0.0, false, 1.0, 2.179865022757791E-60,0,0,0,0,0,0,0,0,0, 0,0,0,0,0,0,0,0,0,0
"d014.jpg", 8,false, 347, 116, 423, 218, 3299, 77, 103, 7.106335201775948, 0.0, 0.0, 0.0, 0.0, 0.0, false, 0.6904761904761905, 0.017288509495492045,0,45,15,0,0,0,0,22,0, 27,0,0,0,0,9,45,6,0,0
"d015.jpg", 2,false, 636, 7, 669, 57, 616, 34, 51, 24.27447218787671, 0.0, 0.0, 0.0, 0.0, 0.0, false, 0.6617647058823529, 0.00371828521434820630,0,0,0,0,11,55,53,10,0, 0,12,24,24,24,36,9,0,0,0
"d015.jpg", 3,true, 236, 6, 535, 228, 42044, 300, 223, 33.12099032335839, 0.0, 0.0, 0.0, 0.0, 0.0, true, 1.0, 0.14345633266429931345,527,311,1535,1560,1457,438,682,1130,0, 195,78,1074,1419,1455,813,711,1707,1533,0
"d015.jpg", 4,false, 653, 28, 660, 77, 311, 8, 50, 7.826237921249264, 0.0, 0.0, 0.0, 0.0, 0.0, false, 0.49206349206349204, 8.577359202648689E-40,0,0,0,0,0,0,0,0,0, 0,0,0,0,0,0,0,0,0,0
"d015.jpg", 5,true, 999, 9, 1136, 224, 21916, 138, 216, 15.182226450688976, 0.0, 0.0, 0.0, 0.0, 0.0, true, 1.0, 0.06391848077813803833,711,909,434,297,325,283,568,414,0, 0,0,0,141,1047,1137,1076,319,1054,0
"d015.jpg", 6,false, 543, 17, 624, 139, 5256, 82, 123, 19.557607215607945, 0.0, 0.0, 0.0, 0.0, 0.0, false, 0.7934782608695652, 0.02162781122947867228,319,386,0,0,0,0,110,379,0, 138,135,183,195,171,180,144,141,135,0
"d015.jpg", 7,false, 484, 257, 490, 268, 61, 7, 12, 6.264982043070834, 0.0, 0.0, 0.0, 0.0, 0.0, true, 1.0, 1.8012454325562247E-40,0,0,0,0,0,0,0,0,0, 0,0,0,0,0,0,0,0,0,0
"d016.jpg", 2,true, 73, 5, 281, 136, 17388, 209, 132, 16.688319268278637, 0.0, 0.0, 0.0, 0.0, 0.0, false, 0.998003992015968, 0.1833991464241554483,531,0,76,86,74,545,646,516,0, 78,258,497,400,291,448,170,234,581,0
"d016.jpg", 3,true, 6, 5, 111, 255, 11743, 106, 251, 27.101660465735304, 0.0, 0.0, 0.0, 0.0, 0.0, false, 0.8495774647887324, 0.17687101963756266248,172,342,462,500,470,721,850,705,0, 762,354,612,729,684,708,486,135,0,0
"d016.jpg", 4,false, 259, 7, 360, 191, 12524, 102, 185, 36.585516259853435, 0.0, 0.0, 0.0, 0.0, 0.0, false, 0.8911419423692636, 0.125443739779027560,0,0,0,0,6,0,0,0,0, 6,0,0,0,0,0,0,0,0,0
"d016.jpg", 5,false, 130, 143, 188, 203, 1891, 59, 61, 16.070158679988197, 0.0, 0.0, 0.0, 0.0, 0.0, true, 1.0, 0.023925385239253853103,42,3,0,0,0,30,88,127,0, 0,0,15,36,54,36,54,101,97,0
"d016.jpg", 6,false, 190, 173, 279, 225, 2505, 90, 53, 13.46291201783626, 0.0, 0.0, 0.0, 0.0, 0.0, true, 1.0, 0.0317099437597223955,38,1,21,36,44,41,41,38,0, 0,0,0,0,0,0,18,150,147,0
"d016.jpg", 7,false, 102, 211, 147, 248, 850, 46, 38, 8.200609733428363, 0.0, 0.0, 0.0, 0.0, 0.0, true, 1.0, 0.0116203315916131520,0,0,0,0,0,0,0,0,0, 0,0,0,0,0,0,0,0,0,0
"d016.jpg", 8,false, 11, 246, 11, 246, 1, 1, 1, 8.73212459828649, 0.0, 0.0, 0.0, 0.0, 0.0, false, 1.0, 6.647786951723771E-60,0,0,0,0,0,0,0,0,0, 0,0,0,0,0,0,0,0,0,0
"d017.jpg", 2,true, 5, 6, 110, 120, 7608, 106, 115, 12.727922061357855, 0.0, 0.0, 0.0, 0.0, 0.0, true, 1.0, 0.08410260655986533253,160,58,204,539,496,532,416,162,0, 18,0,93,237,474,435,519,582,462,0
"d017.jpg", 3,true, 212, 6, 350, 135, 12853, 139, 130, 12.5, 0.0, 0.0, 0.0, 0.0, 0.0, true, 1.0, 0.12467055787832375369,492,571,584,222,0,0,0,33,0, 60,255,189,225,282,558,228,75,399,0
"d017.jpg", 4,false, 259, 223, 331, 295, 2933, 73, 73, 21.783020910791965, 0.0, 0.0, 0.0, 0.0, 0.0, true, 1.0, 0.036766430710215126,0,15,45,39,45,39,51,36,0, 0,0,0,33,45,54,48,51,45,0
"d017.jpg", 5,false, 187, 219, 247, 294, 2357, 61, 76, 18.034688796871432, 0.0, 0.0, 0.0, 0.0, 0.0, true, 1.0, 0.0319852078762539541,30,42,69,67,81,93,75,60,0, 0,0,54,84,69,63,66,93,129,0
"d017.jpg", 6,false, 257, 339, 304, 352, 160, 48, 14, 2.0, 0.0, 0.0, 0.0, 0.0, 0.0, true, 1.0, 0.00463633729353810591,72,73,66,63,62,68,73,80,0, 123,94,108,43,78,67,75,60,0,0
"d018.jpg", 2,true, 378, 5, 550, 194, 21586, 173, 190, 26.879360111431225, 0.0, 0.0, 0.0, 0.0, 0.0, true, 1.0, 0.144831111150277141037,436,12,174,733,866,994,705,1094,0, 0,602,1006,639,887,466,523,980,948,0
"d018.jpg", 3,false, 316, 144, 386, 232, 3450, 71, 89, 10.012492197250394, 0.0, 0.0, 0.0, 0.0, 0.0, true, 1.0, 0.0278426465274901540,48,68,58,40,45,51,48,37,0, 21,0,0,27,57,90,78,99,63,0
"d018.jpg", 4,false, 396, 147, 451, 230, 2336, 56, 84, 9.924716620639604, 0.0, 0.0, 0.0, 0.0, 0.0, true, 1.0, 0.0207266670779100662,59,61,55,35,30,32,28,40,0, 0,0,0,9,81,92,64,69,87,0
"d019.jpg", 2,true, 221, 5, 500, 147, 24981, 280, 143, 10.259142264341596, 0.0, 0.0, 0.0, 0.0, 0.0, true, 1.0, 0.173576791690509631051,889,130,1555,2461,1924,692,634,1191,0, 36,273,1278,2424,1782,2073,1854,234,573,0
"d019.jpg", 3,false, 390, 160, 472, 226, 3849, 83, 67, 8.558621384311845, 0.0, 0.0, 0.0, 0.0, 0.0, true, 1.0, 0.0241074060587143942,102,80,62,36,36,36,36,38,0, 48,51,9,0,0,41,186,79,54,0
"d019.jpg", 4,false, 276, 253, 326, 336, 1811, 51, 84, 12.776932339180638, 0.0, 0.0, 0.0, 0.0, 0.0, false, 0.5743440233236151, 0.01857150288716641790,71,42,31,27,38,31,56,67,0, 0,0,0,0,33,102,90,122,106,0
"d020.jpg", 2,true, 189, 7, 304, 88, 6895, 116, 82, 25.30316185775999, 0.0, 0.0, 0.0, 0.0, 0.0, false, 0.9731638418079096, 0.06354296097371973190,313,426,265,190,351,306,153,5,0, 9,222,297,282,366,318,291,300,114,0
"d020.jpg", 3,false, 42, 6, 189, 115, 12125, 148, 110, 22.14158982548453, 0.0, 0.0, 0.0, 0.0, 0.0, false, 0.7124352331606217, 0.108755193928948390,0,0,0,0,0,0,0,0,0, 0,0,0,0,0,0,0,0,0,0
"d020.jpg", 4,false, 200, 174, 289, 219, 1555, 90, 46, 26.744158240632665, 0.0, 0.0, 0.0, 0.0, 0.0, true, 1.0, 0.0276564190949537062,0,0,0,0,15,63,53,35,0, 0,0,0,0,0,0,42,66,60,0
"d021.jpg", 2,true, 5, 6, 190, 173, 18454, 186, 168, 36.74914965002592, 0.0, 0.0, 0.0, 0.0, 0.0, true, 1.0, 0.2108644307982994755,448,164,760,357,250,582,445,347,0, 327,606,318,557,385,174,447,237,357,0
"d022.jpg", 2,true, 5, 5, 129, 206, 19277, 125, 202, 17.5, 0.0, 0.0, 0.0, 0.0, 0.0, true, 1.0, 0.16900032126793746356,4,0,182,636,852,978,746,611,0, 0,120,744,862,815,774,54,376,620,0
"d022.jpg", 3,false, 130, 3, 276, 133, 14945, 147, 131, 10.404326023342406, 0.0, 0.0, 0.0, 0.0, 0.0, false, 0.9148230088495575, 0.1288886806596701652,65,59,29,37,34,34,25,34,0, 369,0,0,0,0,0,0,0,0,0
"d023.jpg", 2,true, 6, 3, 359, 297, 69636, 354, 295, 56.0357029044876, 0.0, 0.0, 0.0, 0.0, 0.0, true, 1.0, 0.68877954833262982731,2026,1899,2901,2698,2773,951,2119,3811,0, 1718,3574,3127,734,2484,3011,1201,2563,3497,0
"d023.jpg", 3,false, 144, 276, 144, 276, 1, 1, 1, 0.7071067811865476, 0.0, 0.0, 0.0, 0.0, 0.0, true, 1.0, 6.595609962009286E-60,0,0,0,0,0,0,0,0,0, 0,0,0,0,0,0,0,0,0,0
"d023.jpg", 4,false, 215, 272, 359, 404, 11499, 145, 133, 33.50373113550191, 0.0, 0.0, 0.0, 0.0, 0.0, true, 1.0, 0.127196338117349144,276,22,0,0,0,0,0,0,0, 102,84,75,72,9,0,0,0,0,0
"d023.jpg", 5,false, 6, 253, 116, 406, 9920, 111, 154, 51.24451190127583, 0.0, 0.0, 0.0, 0.0, 0.0, true, 1.0, 0.112745356690586750,0,0,0,0,0,0,0,0,0, 0,0,0,0,0,0,0,0,0,0
"d024.jpg", 2,true, 545, 3, 754, 284, 43157, 210, 282, 25.10975905897944, 0.0, 0.0, 0.0, 0.0, 0.0, true, 1.0, 0.1881756305885493655,1399,1354,1284,1105,1132,1079,891,1054,0, 1143,1404,1427,352,972,1271,628,993,1763,0
"d024.jpg", 3,true, 277, 6, 503, 216, 31966, 227, 211, 6.576473218982953, 0.0, 0.0, 0.0, 0.0, 0.0, true, 1.0, 0.15219601787064752718,420,135,887,361,300,0,586,1606,0, 513,840,507,627,219,614,910,429,354,0
"d024.jpg", 4,true, 73, 224, 254, 407, 24657, 182, 184, 7.0178344238090995, 0.0, 0.0, 0.0, 0.0, 0.0, true, 1.0, 0.10641042751012056845,569,90,21,85,478,712,748,673,0, 475,624,627,725,192,246,480,558,294,0
"d024.jpg", 5,false, 323, 248, 429, 355, 4791, 107, 108, 26.043233286210835, 0.0, 0.0, 0.0, 0.0, 0.0, false, 0.6731770833333334, 0.036719986272902330,0,0,48,15,3,6,0,0,0, 9,0,0,0,0,0,0,12,51,0
"d024.jpg", 6,false, 273, 329, 322, 389, 2348, 50, 61, 5.220153254455275, 0.0, 0.0, 0.0, 0.0, 0.0, true, 1.0, 0.0096915851620242390,0,0,0,0,0,0,0,0,0, 0,0,0,0,0,0,0,0,0,0
"d024.jpg", 7,false, 549, 384, 586, 388, 167, 38, 5, 3.0, 0.0, 0.0, 0.0, 0.0, 0.0, true, 1.0, 6.037380920605263E-40,0,0,0,0,0,0,0,0,0, 0,0,0,0,0,0,0,0,0,0
"d025.jpg", 2,true, 4, 53, 193, 397, 39699, 190, 345, 36.062445840513924, 0.0, 0.0, 0.0, 0.0, 0.0, true, 1.0, 0.444774661075601541365,1166,778,1057,1109,162,388,1208,1632,0, 270,0,66,24,0,1842,2673,2265,1725,0
"d025.jpg", 3,false, 191, 193, 254, 255, 1773, 64, 63, 7.0710678118654755, 0.0, 0.0, 0.0, 0.0, 0.0, true, 1.0, 0.02735822171558848664,59,48,51,60,78,36,0,21,0, 0,0,0,0,0,111,96,75,135,0
"d025.jpg", 4,true, 220, 216, 357, 396, 20552, 138, 181, 14.560219778561036, 0.0, 0.0, 0.0, 0.0, 0.0, true, 1.0, 0.16948255506249238156,230,460,322,254,43,0,0,8,0, 36,243,324,36,0,0,0,276,558,0
"d026.jpg", 2,true, 505, 9, 747, 174, 29040, 243, 166, 18.721645226849056, 0.0, 0.0, 0.0, 0.0, 0.0, true, 1.0, 0.13194512590033952920,1931,850,645,883,1877,1685,663,773,0, 444,669,1829,2080,1797,1026,501,1026,855,0
"d026.jpg", 3,false, 40, 148, 137, 252, 4913, 98, 105, 32.0624390837628, 0.0, 0.0, 0.0, 0.0, 0.0, false, 0.8472418670438473, 0.033658469569995880,0,53,77,77,72,39,0,0,0, 0,0,0,90,66,9,42,81,30,0
"d027.jpg", 2,true, 12, 8, 293, 288, 55051, 282, 281, 23.769728648009426, 0.0, 0.0, 0.0, 0.0, 0.0, true, 1.0, 0.169302424954598882461,1677,81,1018,4452,2842,754,195,1904,0, 579,2566,2173,970,1389,2535,1569,868,2735,0
"d027.jpg", 3,true, 922, 5, 1141, 387, 60487, 220, 383, 1.4142135623730951, 0.0, 0.0, 0.0, 0.0, 0.0, true, 1.0, 0.18002350176263222194,2267,1016,3403,3288,2119,1571,2066,2647,0, 0,363,2514,2382,2103,3150,2298,3960,3801,0
"d027.jpg", 4,false, 961, 213, 964, 217, 18, 4, 5, 0.5, 0.0, 0.0, 0.0, 0.0, 0.0, true, 1.0, 4.273047751308621E-50,0,0,0,0,0,0,0,0,0, 0,0,0,0,0,0,0,0,0,0
"d028.jpg", 2,true, 72, 5, 412, 244, 56606, 341, 240, 10.51189802081432, 0.0, 0.0, 0.0, 0.0, 0.0, true, 1.0, 0.345757040617157731161,2130,1865,1553,3033,1184,1573,1082,1109,0, 33,1917,2469,2397,690,2386,2213,1518,1067,0
"d029.jpg", 2,true, 218, 5, 527, 261, 42709, 310, 257, 32.14420632089086, 0.0, 0.0, 0.0, 0.0, 0.0, true, 1.0, 0.36816421593545231317,2289,3391,2673,1139,1650,1757,2202,1459,0, 57,2556,2901,2622,993,3285,2835,882,1746,0
"d029.jpg", 3,false, 421, 300, 526, 400, 5810, 106, 101, 10.793516572461451, 0.0, 0.0, 0.0, 0.0, 0.0, false, 0.8176972281449894, 0.04947365502453812165,105,100,107,80,16,0,0,153,0, 216,156,69,147,93,45,0,0,0,0
"d029.jpg", 4,false, 292, 310, 428, 398, 6162, 137, 89, 21.213203435596427, 0.0, 0.0, 0.0, 0.0, 0.0, false, 0.7325227963525835, 0.05634525272876829241,265,294,330,245,123,103,83,104,0, 444,355,377,405,192,15,0,0,0,0
"d029.jpg", 5,false, 440, 388, 440, 388, 1, 1, 1, 0.0, 0.0, 0.0, 0.0, 0.0, 0.0, false, 1.0, 4.621114797733806E-60,0,0,0,0,0,0,0,0,0, 0,0,0,0,0,0,0,0,0,0
"d030.jpg", 2,false, 510, 100, 525, 113, 90, 16, 14, 13.5, 0.0, 0.0, 0.0, 0.0, 0.0, true, 1.0, 4.7824007651841227E-40,0,0,2,3,2,3,3,2,0, 15,0,0,0,0,0,0,0,0,0
"d030.jpg", 3,false, 397, 114, 458, 155, 1135, 62, 42, 11.510864433221338, 0.0, 0.0, 0.0, 0.0, 0.0, true, 1.0, 0.0055595408895265433,8,4,0,0,0,0,0,0,0, 0,0,0,0,0,0,0,0,15,0
"d030.jpg", 4,true, 792, 126, 1132, 399, 71475, 341, 274, 14.713938969562161, 0.0, 0.0, 0.0, 0.0, 0.0, true, 1.0, 0.1994816219170595578,1148,987,530,39,792,801,1153,743,0, 0,0,0,30,1296,1526,1738,297,1884,0
"d030.jpg", 5,true, 55, 156, 366, 396, 54595, 312, 241, 17.902513789968157, 0.0, 0.0, 0.0, 0.0, 0.0, true, 1.0, 0.16053494568559132517,415,636,101,0,631,1384,1680,729,0, 0,0,15,0,0,1449,2127,1788,714,0
"d031.jpg", 2,true, 153, 7, 454, 176, 29480, 302, 170, 23.58495283014151, 0.0, 0.0, 0.0, 0.0, 0.0, true, 1.0, 0.25399495374264086477,816,1054,1598,1499,223,456,1702,1533,0, 171,1060,1685,1542,1455,516,556,1328,1045,0
"d031.jpg", 3,true, 6, 8, 161, 187, 20803, 156, 180, 12.175795661885921, 0.0, 0.0, 0.0, 0.0, 0.0, true, 1.0, 0.1389204967100381130,0,0,0,144,482,834,734,622,0, 0,0,39,510,663,789,678,120,147,0
"d031.jpg", 4,false, 101, 151, 209, 210, 2568, 109, 60, 10.307764064044152, 0.0, 0.0, 0.0, 0.0, 0.0, false, 0.7096219931271478, 0.0323554148320387840,0,0,11,13,0,0,0,0,0, 0,0,0,0,0,0,0,0,24,0
"d031.jpg", 5,false, 154, 186, 264, 279, 3578, 111, 94, 18.179658962697843, 0.0, 0.0, 0.0, 0.0, 0.0, false, 0.4788135593220339, 0.051620244397170147,0,33,98,109,97,89,78,53,0, 0,0,0,0,39,322,203,0,0,0
"d032.jpg", 2,false, 168, 6, 265, 79, 4281, 98, 74, 20.615528128088304, 0.0, 0.0, 0.0, 0.0, 0.0, false, 0.625, 0.03623137721200251549,0,0,0,18,66,96,99,83,0, 0,0,0,0,54,84,96,93,84,0
"d032.jpg", 3,true, 327, 7, 486, 262, 32741, 160, 256, 13.45362404707371, 0.0, 0.0, 0.0, 0.0, 0.0, true, 1.0, 0.20463833571478532823,1209,1067,657,6,0,6,309,564,0, 0,213,642,1026,516,456,933,498,357,0
"d032.jpg", 4,false, 175, 66, 265, 185, 4553, 91, 120, 30.41792234851026, 0.0, 0.0, 0.0, 0.0, 0.0, false, 0.704248366013072, 0.05455690004896132151,141,146,200,161,149,132,144,162,0, 264,216,93,78,0,0,114,414,207,0
"d033.jpg", 2,true, 102, 5, 467, 260, 60274, 366, 256, 17.066048165876012, 0.0, 0.0, 0.0, 0.0, 0.0, true, 1.0, 0.179404550598264071661,415,2079,3032,1404,1997,2747,1291,3083,0, 324,2715,3051,2766,1809,1353,1998,2103,1590,0
"d033.jpg", 3,false, 334, 187, 468, 240, 3574, 135, 54, 5.220153254455275, 0.0, 0.0, 0.0, 0.0, 0.0, true, 1.0, 0.0139585379723931140,33,120,156,176,162,136,66,0,0, 0,0,0,0,66,126,165,285,207,0
"d033.jpg", 4,false, 183, 294, 225, 322, 504, 43, 29, 5.220153254455275, 0.0, 0.0, 0.0, 0.0, 0.0, true, 1.0, 0.00238769504136820578,93,80,84,74,43,32,51,56,0, 87,63,48,84,57,48,84,54,66,0
"d033.jpg", 5,false, 300, 501, 419, 650, 10804, 120, 150, 37.98025802966588, 0.0, 0.0, 0.0, 0.0, 0.0, false, 0.7998228520814881, 0.034465525857760776476,0,0,0,0,0,0,146,327,0, 75,72,76,81,68,108,156,159,154,0
"d033.jpg", 6,false, 72, 682, 155, 754, 3378, 84, 73, 20.886598574205422, 0.0, 0.0, 0.0, 0.0, 0.0, false, 0.7323340471092077, 0.01174125580887717166,30,5,2,33,45,58,80,80,0, 0,0,0,0,39,93,90,93,84,0
"d033.jpg", 7,false, 347, 703, 357, 720, 77, 11, 18, 5.0, 0.0, 0.0, 0.0, 0.0, 0.0, true, 1.0, 3.7912078443536854E-40,0,0,0,0,0,0,0,0,0, 0,0,0,0,0,0,0,0,0,0
"d034.jpg", 2,true, 421, 6, 689, 201, 38919, 269, 196, 3.8078865529319543, 0.0, 0.0, 0.0, 0.0, 0.0, true, 1.0, 0.1142146604797865201,1549,1634,616,82,571,1247,1480,549,0, 249,567,1194,912,1353,108,864,1671,1011,0
"d034.jpg", 3,true, 0, 6, 149, 284, 30947, 150, 279, 23.0, 0.0, 0.0, 0.0, 0.0, 0.0, true, 1.0, 0.090658590795066146,686,1198,1829,1514,1382,647,235,77,0, 0,213,1434,1506,960,675,1224,1296,306,0
"d034.jpg", 4,false, 837, 105, 940, 255, 8716, 104, 151, 42.29952718411874, 0.0, 0.0, 0.0, 0.0, 0.0, false, 0.8220858895705522, 0.034019175862502220,0,0,0,0,0,0,0,0,0, 0,0,0,0,0,0,0,0,0,0
"d034.jpg", 5,false, 934, 292, 976, 337, 997, 43, 46, 3.640054944640259, 0.0, 0.0, 0.0, 0.0, 0.0, true, 1.0, 0.0042848911013773170,0,0,0,6,43,60,38,0,0, 0,0,0,0,24,24,30,33,36,0
"d034.jpg", 6,false, 295, 267, 600, 400, 22105, 306, 134, 105.20099809412456, 0.0, 0.0, 0.0, 0.0, 0.0, false, 0.6584524396254312, 0.088825922508026051318,1582,1236,1503,1668,1701,1748,2061,1544,0, 1625,1396,1746,2000,1986,2230,1479,1119,780,0
"d035.jpg", 2,true, 55, 6, 381, 255, 47690, 327, 250, 28.429737951659, 0.0, 0.0, 0.0, 0.0, 0.0, true, 1.0, 0.51641146149181331523,1931,831,85,366,1564,1004,0,619,0, 0,42,936,1067,1066,978,336,1854,1644,0
"d035.jpg", 3,false, 30, 212, 113, 296, 2353, 84, 85, 34.73110997362451, 0.0, 0.0, 0.0, 0.0, 0.0, true, 1.0, 0.0451030927835051540,0,0,0,0,0,0,0,0,0, 0,0,0,0,0,0,0,0,0,0
"d036.jpg", 2,true, 6, 6, 159, 211, 23146, 154, 206, 16.77050983124842, 0.0, 0.0, 0.0, 0.0, 0.0, true, 1.0, 0.10698592024281257105,0,0,63,801,1290,1200,834,378,0, 0,411,849,555,690,228,576,690,672,0
"d036.jpg", 3,false, 165, 7, 408, 131, 20304, 244, 125, 44.0028408173836, 0.0, 0.0, 0.0, 0.0, 0.0, false, 0.8488576449912126, 0.102858106399123180,0,0,0,0,0,0,0,0,0, 0,0,0,0,0,0,0,0,0,0
"d037.jpg", 2,true, 352, 8, 528, 168, 19941, 177, 161, 19.1049731745428, 0.0, 0.0, 0.0, 0.0, 0.0, true, 1.0, 0.12500877346902967576,457,475,601,368,342,0,115,366,0, 0,619,896,549,231,60,123,567,255,0
"d037.jpg", 3,true, 126, 36, 272, 183, 15332, 147, 148, 4.743416490252569, 0.0, 0.0, 0.0, 0.0, 0.0, true, 1.0, 0.09543779610457975706,221,79,0,15,123,215,441,846,0, 129,0,188,645,679,448,332,174,51,0
"d037.jpg", 4,false, 374, 195, 455, 273, 2937, 82, 79, 16.64331697709324, 0.0, 0.0, 0.0, 0.0, 0.0, true, 1.0, 0.0284172661870503624,24,30,20,22,30,29,20,20,0, 0,0,0,0,0,0,0,0,219,0
"d038.jpg", 2,true, 229, 6, 431, 149, 19998, 203, 144, 8.077747210701755, 0.0, 0.0, 0.0, 0.0, 0.0, true, 1.0, 0.12979539641943735661,213,337,513,368,59,337,544,681,0, 45,0,501,644,1088,614,321,118,382,0
"d038.jpg", 3,false, 240, 141, 400, 283, 10870, 161, 143, 9.82344135219425, 0.0, 0.0, 0.0, 0.0, 0.0, false, 0.8159240321402483, 0.10222630718954248108,0,0,0,167,82,0,0,150,0, 0,0,0,0,0,17,148,186,156,0
"d038.jpg", 4,false, 357, 244, 357, 244, 1, 1, 1, 7.211102550927978, 0.0, 0.0, 0.0, 0.0, 0.0, false, 1.0, 4.440181869849389E-60,0,0,0,0,0,0,0,0,0, 0,0,0,0,0,0,0,0,0,0
"d038.jpg", 5,false, 389, 281, 404, 308, 179, 16, 28, 1.118033988749895, 0.0, 0.0, 0.0, 0.0, 0.0, true, 1.0, 0.00198920147769252650,0,0,0,0,0,0,0,0,0, 0,0,0,0,0,0,0,0,0,0
"d040.jpg", 2,true, 508, 10, 745, 152, 20804, 238, 143, 24.186773244895647, 0.0, 0.0, 0.0, 0.0, 0.0, true, 1.0, 0.111395868723467631032,891,545,332,88,0,0,220,528,0, 27,12,735,812,550,557,517,273,153,0
"d040.jpg", 3,false, 144, 6, 228, 75, 1849, 85, 70, 14.080127840328723, 0.0, 0.0, 0.0, 0.0, 0.0, false, 0.6109375, 0.01947480222438245366,0,48,81,92,91,77,4,42,0, 12,39,24,60,90,12,63,93,108,0
"d040.jpg", 4,false, 369, 67, 431, 147, 2775, 63, 81, 9.340770846134703, 0.0, 0.0, 0.0, 0.0, 0.0, true, 1.0, 0.01670250684891153750,39,24,24,24,26,28,27,40,0, 0,0,0,0,0,0,2,227,53,0
"d040.jpg", 5,false, 181, 97, 181, 97, 1, 1, 1, 9.7082439194738, 0.0, 0.0, 0.0, 0.0, 0.0, true, 1.0, 3.273076004097891E-60,0,0,0,0,0,0,0,0,0, 0,0,0,0,0,0,0,0,0,0
"d040.jpg", 6,false, 442, 73, 491, 149, 2044, 50, 77, 9.394147114027968, 0.0, 0.0, 0.0, 0.0, 0.0, true, 1.0, 0.0126013426157768848,33,24,18,21,18,21,34,41,0, 0,0,0,0,0,0,0,88,170,0
"d040.jpg", 7,false, 87, 97, 156, 178, 1361, 70, 82, 23.04886114323222, 0.0, 0.0, 0.0, 0.0, 0.0, false, 0.834051724137931, 0.018787456263521896126,117,115,164,161,145,148,112,91,0, 117,105,120,99,117,138,234,159,90,0
"d040.jpg", 8,false, 549, 235, 569, 243, 74, 21, 9, 1.5, 0.0, 0.0, 0.0, 0.0, 0.0, true, 1.0, 6.186113647745014E-40,0,0,0,0,0,0,0,0,0, 0,0,0,0,0,0,0,0,0,0
"d040.jpg", 9,false, 45, 345, 45, 345, 1, 1, 1, 0.5, 0.0, 0.0, 0.0, 0.0, 0.0, true, 1.0, 3.273076004097891E-60,0,0,0,0,0,0,0,0,0, 0,0,0,0,0,0,0,0,0,0
"d040.jpg", 10,false, 109, 319, 169, 396, 1213, 61, 78, 16.15549442140351, 0.0, 0.0, 0.0, 0.0, 0.0, false, 0.8472222222222222, 0.0155732956274977660,0,0,0,0,0,0,0,0,0, 0,0,0,0,0,0,0,0,0,0
"d040.jpg", 11,false, 219, 361, 296, 398, 1206, 78, 38, 9.617692030835672, 0.0, 0.0, 0.0, 0.0, 0.0, false, 0.49195402298850577, 0.009701397276146159,24,70,235,180,127,42,101,67,0, 144,129,117,81,114,72,60,90,48,0
"d041.jpg", 2,true, 250, 6, 355, 240, 20534, 106, 235, 15.008331019803634, 0.0, 0.0, 0.0, 0.0, 0.0, true, 1.0, 0.17400476400036324437,249,177,24,13,36,220,378,476,0, 99,282,51,402,366,114,174,402,120,0
"d042.jpg", 2,true, 1, 3, 200, 169, 22807, 200, 167, 14.7648230602334, 0.0, 0.0, 0.0, 0.0, 0.0, true, 1.0, 0.2352112676056338388,250,38,0,263,454,257,208,353,0, 237,0,252,534,265,167,189,270,297,0
"d043.jpg", 2,true, 0, 3, 165, 237, 29090, 166, 235, 18.439088914585774, 0.0, 0.0, 0.0, 0.0, 0.0, true, 1.0, 0.27090277777777777433,50,209,65,184,513,983,977,702,0, 0,0,0,828,966,795,456,684,387,0
"d044.jpg", 2,true, 75, 5, 309, 173, 26664, 235, 169, 22.89650628371062, 0.0, 0.0, 0.0, 0.0, 0.0, true, 1.0, 0.179543399638336351200,1290,558,372,1143,1002,864,198,435,0, 264,945,1035,1068,765,114,390,1464,1017,0
"d044.jpg", 3,true, 346, 5, 547, 190, 28966, 202, 186, 16.101242188104617, 0.0, 0.0, 0.0, 0.0, 0.0, true, 1.0, 0.16985533453887885486,700,873,708,437,749,482,432,827,0, 0,651,711,783,897,468,321,1032,831,0
"d045.jpg", 2,true, 350, 4, 538, 168, 23602, 189, 165, 5.408326913195984, 0.0, 0.0, 0.0, 0.0, 0.0, true, 1.0, 0.14149274047186933720,692,258,130,21,90,561,916,740,0, 268,833,662,400,330,249,405,426,555,0
"d045.jpg", 3,true, 1, 3, 244, 213, 34071, 244, 211, 16.0312195418814, 0.0, 0.0, 0.0, 0.0, 0.0, true, 1.0, 0.23359346642468241516,1482,772,439,2133,1662,1267,185,432,0, 0,78,1773,1827,1788,1842,585,1152,843,0
"d045.jpg", 4,false, 365, 229, 454, 332, 4359, 90, 104, 15.787653403846944, 0.0, 0.0, 0.0, 0.0, 0.0, true, 1.0, 0.0424682395644283140,0,0,0,0,0,0,0,0,0, 0,0,0,0,0,0,0,0,0,0
"d046.jpg", 2,true, 78, 6, 324, 204, 33777, 247, 199, 10.307764064044152, 0.0, 0.0, 0.0, 0.0, 0.0, true, 1.0, 0.335263624582225962,1138,1217,2092,1385,1003,101,738,595,0, 30,225,1758,1716,1527,1536,318,996,1125,0
"d046.jpg", 3,false, 31, 280, 143, 317, 1672, 113, 38, 50.798622028555066, 0.0, 0.0, 0.0, 0.0, 0.0, true, 1.0, 0.02928858877293499820,39,66,87,74,109,51,30,25,0, 177,78,45,15,33,45,33,45,30,0
"d046.jpg", 4,false, 294, 251, 353, 312, 2239, 60, 62, 21.70829334609241, 0.0, 0.0, 0.0, 0.0, 0.0, true, 1.0, 0.0253734397380806220,0,0,0,0,0,0,0,0,0, 0,0,0,0,0,0,0,0,0,0
"d047.jpg", 2,true, 4, 5, 310, 217, 45710, 307, 213, 9.013878188659973, 0.0, 0.0, 0.0, 0.0, 0.0, true, 1.0, 0.5160437513810411459,1246,2627,1741,1193,1638,3036,1714,758,0, 0,570,2238,2430,2355,780,1773,2046,2220,0
"d048.jpg", 2,true, 6, 3, 261, 152, 24867, 256, 150, 19.300259065618782, 0.0, 0.0, 0.0, 0.0, 0.0, true, 1.0, 0.235854850993784251428,966,272,985,1467,1121,614,98,1062,0, 87,333,1524,1569,1587,1179,921,111,702,0
"d048.jpg", 3,false, 0, 142, 401, 395, 20430, 402, 254, 193.86593305684215, 0.0, 0.0, 0.0, 0.0, 0.0, true, 1.0, 0.62715278972065952153,2680,4151,4125,3458,2377,3501,3137,2731,0, 3735,3513,2768,2146,1761,2177,3823,4110,4280,0
"d049.jpg", 2,true, 399, 7, 635, 138, 21075, 237, 132, 20.8806130178211, 0.0, 0.0, 0.0, 0.0, 0.0, true, 1.0, 0.1144424934152765642,441,596,380,239,431,907,1031,515,0, 0,138,633,933,795,996,642,147,298,0
"d049.jpg", 3,false, 210, 6, 324, 58, 2939, 115, 53, 11.510864433221338, 0.0, 0.0, 0.0, 0.0, 0.0, true, 1.0, 0.0222966052092478770,0,0,0,0,0,0,0,0,0, 0,0,0,0,0,0,0,0,0,0
"d049.jpg", 4,false, 209, 89, 272, 162, 2110, 64, 74, 6.4031242374328485, 0.0, 0.0, 0.0, 0.0, 0.0, true, 1.0, 0.01732513901082821339,24,24,26,32,35,56,52,54,0, 0,0,0,0,0,0,6,231,105,0
"d050.jpg", 2,true, 128, 5, 424, 156, 30898, 297, 152, 16.140012391568973, 0.0, 0.0, 0.0, 0.0, 0.0, true, 1.0, 0.26361151986546144661,1057,1187,467,1279,1712,1290,444,312,0, 0,15,621,2046,1701,1749,1647,297,333,0
"d050.jpg", 3,false, 120, 182, 253, 309, 10123, 134, 128, 16.91892431568863, 0.0, 0.0, 0.0, 0.0, 0.0, false, 0.765625, 0.100156494522691710,0,8,56,81,80,76,73,22,0, 135,138,114,9,0,0,0,0,0,0
"d051.jpg", 2,true, 120, 7, 381, 189, 34215, 262, 183, 22.38861317723811, 0.0, 0.0, 0.0, 0.0, 0.0, true, 1.0, 0.30895629144193781212,675,315,972,1482,858,708,990,1515,0, 627,9,855,1611,1566,1662,867,333,1197,0
"d052.jpg", 2,true, 448, 8, 674, 127, 18216, 227, 120, 8.246211251235321, 0.0, 0.0, 0.0, 0.0, 0.0, true, 1.0, 0.09395598141575522356,583,587,915,393,594,696,703,141,0, 21,489,609,825,789,813,870,411,141,0
"d052.jpg", 3,true, 5, 6, 142, 288, 29797, 138, 283, 10.965856099730654, 0.0, 0.0, 0.0, 0.0, 0.0, true, 1.0, 0.13470473194606844821,379,203,253,524,927,1443,1357,885,0, 129,1416,1374,1026,681,697,701,273,495,0
"d052.jpg", 4,true, 238, 6, 379, 128, 12381, 142, 123, 10.307764064044152, 0.0, 0.0, 0.0, 0.0, 0.0, true, 1.0, 0.06024358191657785671,547,250,17,0,0,360,366,384,0, 0,0,0,441,441,360,270,456,627,0
"d052.jpg", 5,false, 447, 173, 520, 237, 2132, 74, 65, 10.307764064044152, 0.0, 0.0, 0.0, 0.0, 0.0, true, 1.0, 0.01659061199008012410,9,9,9,3,0,0,5,9,0, 0,0,0,0,0,0,0,0,54,0
"d053.jpg", 2,true, 1007, 19, 1133, 273, 24289, 127, 255, 27.04163456597992, 0.0, 0.0, 0.0, 0.0, 0.0, true, 1.0, 0.06737638820117423795,342,93,129,225,300,660,708,690,0, 0,297,708,933,594,183,645,384,198,0
"d053.jpg", 3,true, 276, 10, 692, 405, 96292, 417, 396, 3.3541019662496847, 0.0, 0.0, 0.0, 0.0, 0.0, true, 1.0, 0.34355404466377343924,3606,1529,6,89,551,576,3054,3829,0, 69,0,9,975,2127,2088,2406,2799,3691,0
"d053.jpg", 4,false, 5, 109, 186, 380, 20102, 182, 272, 37.769034936042516, 0.0, 0.0, 0.0, 0.0, 0.0, false, 0.8263515932688865, 0.10299214826342222447,293,700,447,277,325,190,12,469,0, 213,0,0,0,99,1030,644,630,544,0
"d053.jpg", 5,false, 924, 227, 1020, 278, 2109, 97, 52, 16.97056274847714, 0.0, 0.0, 0.0, 0.0, 0.0, true, 1.0, 0.0104939478797814660,0,0,0,0,0,0,0,0,0, 0,0,0,0,0,0,0,0,0,0
