filename, marker, isBubble, minX, minY, maxX, maxY, pixCount, xRange, yRange, distBtwCenters, blkPixPercent, sumPix, sdHoriz, sdVert, sdPix, enclosed, percentEnclosed, percentArea, histH_1, histH_2, histH_3, histH_4, histH_5, histH_6, histH_7, histH_8, histH_9, histH_10, histV_1, histV_2, histV_3, histV_4, histV_5, histV_6, histV_7, histV_8, histV_9, histV_10
"0670_020_01.jpg", 2,true, 11, 8, 301, 204, 41705, 291, 197, 13.647344063956181, 0.0, 0.0, 0.0, 0.0, 0.0, true, 1.0, 0.44890528096222515, 2508, 1041, 1152, 1017, 2372, 1395, 192, 1299, 2586, 0, 0, 627, 1779, 2344, 2093, 1110, 1082, 2326, 2201, 0
"0670_020_01.jpg", 3,false, 95, 227, 219, 347, 5923, 125, 121, 5.5901699437494745, 0.0, 0.0, 0.0, 0.0, 0.0, true, 1.0, 0.1184379502599762, 255, 177, 244, 428, 604, 426, 368, 265, 254, 0, 657, 489, 303, 394, 197, 192, 291, 271, 227, 0
"0670_020_02.jpg", 2,true, 85, 9, 282, 151, 21047, 198, 143, 19.026297590440446, 0.0, 0.0, 0.0, 0.0, 0.0, true, 1.0, 0.21222342147868323, 198, 169, 362, 294, 27, 269, 535, 168, 239, 0, 15, 174, 306, 366, 327, 399, 57, 144, 473, 0
"0670_020_02.jpg", 3,false, 8, 10, 137, 304, 18629, 130, 295, 31.196954979612993, 0.0, 0.0, 0.0, 0.0, 0.0, false, 0.7833579517479075, 0.2874467829945434, 0, 0, 0, 0, 0, 0, 0, 0, 0, 0, 0, 0, 0, 0, 0, 0, 0, 0, 0, 0
"0670_020_02.jpg", 4,false, 176, 228, 217, 283, 1731, 42, 56, 10.04987562112089, 0.0, 0.0, 0.0, 0.0, 0.0, true, 1.0, 0.0176290699766145, 0, 0, 0, 0, 0, 0, 0, 0, 0, 0, 0, 0, 0, 0, 0, 0, 0, 0, 0, 0
"0670_020_03.jpg", 2,true, 6, 8, 216, 303, 35689, 211, 296, 19.72941965694886, 0.0, 0.0, 0.0, 0.0, 0.0, true, 1.0, 0.2722699333013645, 668, 1005, 795, 870, 991, 1240, 2228, 963, 1164, 0, 828, 1947, 1332, 483, 975, 1038, 360, 1581, 1380, 0
"0670_020_03.jpg", 3,true, 243, 3, 555, 231, 41787, 313, 229, 24.413111231467404, 0.0, 0.0, 0.0, 0.0, 0.0, true, 1.0, 0.31246784951392825, 885, 1083, 770, 1290, 2102, 2726, 1610, 1966, 909, 0, 0, 369, 2547, 2640, 2076, 633, 1863, 1947, 1266, 0
"0670_020_03.jpg", 4,false, 234, 146, 251, 174, 353, 18, 29, 2.0615528128088303, 0.0, 0.0, 0.0, 0.0, 0.0, true, 1.0, 0.002275600505689001, 0, 0, 0, 0, 0, 0, 0, 0, 0, 0, 0, 0, 0, 0, 0, 0, 0, 0, 0, 0
"0670_020_04.jpg", 2,true, 247, 11, 467, 220, 28432, 221, 210, 5.5901699437494745, 0.0, 0.0, 0.0, 0.0, 0.0, true, 1.0, 0.19389366555536058, 1794, 1749, 754, 646, 824, 462, 879, 168, 1844, 0, 9, 1357, 1529, 1060, 1427, 545, 858, 1224, 1111, 0
"0670_020_04.jpg", 3,true, 13, 8, 197, 202, 24801, 185, 195, 7.3824115301167, 0.0, 0.0, 0.0, 0.0, 0.0, true, 1.0, 0.1507156644022761, 728, 931, 645, 1220, 690, 438, 713, 498, 349, 0, 0, 0, 0, 0, 39, 1266, 1694, 1619, 1594, 0
"0670_020_04.jpg", 4,false, 359, 326, 421, 349, 1308, 63, 24, 17.507141400011598, 0.0, 0.0, 0.0, 0.0, 0.0, true, 1.0, 0.0063168977013511145, 0, 0, 0, 0, 0, 0, 0, 0, 0, 0, 0, 0, 0, 0, 0, 0, 0, 0, 0, 0
"0670_020_05.jpg", 2,true, 275, 12, 559, 209, 37769, 285, 198, 13.892443989449804, 0.0, 0.0, 0.0, 0.0, 0.0, true, 1.0, 0.2397094430992736, 2452, 1088, 595, 267, 2641, 2472, 657, 381, 1673, 0, 51, 542, 2077, 2344, 2369, 1533, 550, 1402, 1358, 0
"0670_020_05.jpg", 3,false, 115, 59, 194, 117, 1899, 80, 59, 22.005681084665387, 0.0, 0.0, 0.0, 0.0, 0.0, true, 1.0, 0.020050125313283207, 181, 109, 139, 172, 189, 211, 127, 10, 60, 0, 222, 87, 102, 87, 162, 111, 177, 123, 127, 0
"0670_020_05.jpg", 4,false, 433, 228, 534, 286, 1901, 102, 59, 25.80697580112788, 0.0, 0.0, 0.0, 0.0, 0.0, true, 1.0, 0.02556390977443609, 42, 249, 180, 0, 9, 0, 75, 186, 93, 0, 36, 39, 60, 117, 123, 144, 174, 66, 75, 0
"0670_020_05.jpg", 5,true, 8, 279, 177, 402, 15845, 170, 124, 7.5, 0.0, 0.0, 0.0, 0.0, 0.0, true, 1.0, 0.08954589864491738, 159, 0, 77, 100, 141, 6, 0, 51, 72, 0, 0, 0, 0, 0, 0, 0, 0, 19, 587, 0
"0670_020_06.jpg", 2,false, 7, 32, 555, 375, 88000, 549, 344, 149.6637898758414, 0.0, 0.0, 0.0, 0.0, 0.0, true, 1.0, 0.7614086721632027, 1090, 1234, 1038, 1971, 3172, 3467, 2263, 2692, 1094, 0, 837, 1191, 2010, 1731, 2967, 2979, 2190, 2502, 1614, 0
"0670_020_06.jpg", 3,false, 349, 87, 349, 87, 1, 1, 1, 37.05401462729781, 0.0, 0.0, 0.0, 0.0, 0.0, false, 1.0, 4.031689076138448E-6, 0, 0, 0, 0, 0, 0, 0, 0, 0, 0, 0, 0, 0, 0, 0, 0, 0, 0, 0, 0
"0670_020_06.jpg", 4,false, 478, 122, 478, 122, 1, 1, 1, 0.0, 0.0, 0.0, 0.0, 0.0, 0.0, false, 1.0, 4.031689076138448E-6, 0, 0, 0, 0, 0, 0, 0, 0, 0, 0, 0, 0, 0, 0, 0, 0, 0, 0, 0, 0
"0670_020_07.jpg", 2,true, 53, 7, 365, 227, 42254, 313, 221, 47.214934078107106, 0.0, 0.0, 0.0, 0.0, 0.0, true, 1.0, 0.4488110300081103, 1146, 1443, 977, 69, 1173, 1596, 1229, 344, 336, 0, 0, 165, 1917, 1767, 1635, 1428, 120, 714, 567, 0
"0670_020_07.jpg", 3,false, 122, 82, 122, 82, 1, 1, 1, 15.041608956491324, 0.0, 0.0, 0.0, 0.0, 0.0, false, 1.0, 6.4882400648824004E-6, 0, 0, 0, 0, 0, 0, 0, 0, 0, 0, 0, 0, 0, 0, 0, 0, 0, 0, 0, 0
"0670_020_07.jpg", 4,false, 81, 219, 225, 324, 3919, 145, 106, 42.52646234992984, 0.0, 0.0, 0.0, 0.0, 0.0, true, 1.0, 0.0997242497972425, 223, 355, 508, 349, 284, 183, 286, 497, 420, 0, 498, 447, 258, 345, 348, 201, 342, 330, 336, 0
"0670_020_07.jpg", 5,false, 92, 300, 92, 300, 1, 1, 1, 0.7071067811865476, 0.0, 0.0, 0.0, 0.0, 0.0, true, 1.0, 6.4882400648824004E-6, 0, 0, 0, 0, 0, 0, 0, 0, 0, 0, 0, 0, 0, 0, 0, 0, 0, 0, 0, 0
"0670_020_08.jpg", 2,true, 12, 9, 356, 224, 49063, 345, 216, 44.79397280885008, 0.0, 0.0, 0.0, 0.0, 0.0, false, 0.9005297233666862, 0.49539308364245543, 727, 1252, 639, 1628, 2870, 2020, 1853, 1178, 1648, 0, 111, 1227, 2517, 2426, 2698, 441, 1748, 1348, 1299, 0
"0670_020_08.jpg", 3,false, 300, 85, 300, 85, 1, 1, 1, 0.0, 0.0, 0.0, 0.0, 0.0, 0.0, false, 1.0, 6.647786951723771E-6, 0, 0, 0, 0, 0, 0, 0, 0, 0, 0, 0, 0, 0, 0, 0, 0, 0, 0, 0, 0
"0670_020_08.jpg", 4,false, 127, 210, 133, 211, 16, 7, 2, 1.118033988749895, 0.0, 0.0, 0.0, 0.0, 0.0, true, 1.0, 9.30690173241328E-5, 0, 0, 0, 0, 0, 0, 0, 0, 0, 0, 0, 0, 0, 0, 0, 0, 0, 0, 0, 0
"0670_020_08.jpg", 5,false, 178, 211, 248, 276, 1338, 71, 66, 8.73212459828649, 0.0, 0.0, 0.0, 0.0, 0.0, true, 1.0, 0.031151529655777593, 130, 150, 207, 208, 170, 107, 71, 153, 139, 0, 225, 188, 184, 150, 102, 140, 106, 129, 111, 0
"0670_020_08.jpg", 6,false, 289, 196, 355, 314, 5063, 67, 119, 8.94427190999916, 0.0, 0.0, 0.0, 0.0, 0.0, true, 1.0, 0.05300280536609363, 51, 43, 41, 54, 57, 33, 32, 47, 44, 0, 0, 0, 0, 0, 0, 0, 15, 198, 189, 0
"0670_020_08.jpg", 7,false, 125, 282, 154, 374, 1402, 30, 93, 11.40175425099138, 0.0, 0.0, 0.0, 0.0, 0.0, false, 0.8283582089552238, 0.018547325595309323, 35, 50, 62, 54, 54, 33, 20, 10, 6, 0, 0, 0, 0, 51, 54, 60, 45, 57, 57, 0
"0670_020_09.jpg", 2,true, 121, 10, 366, 177, 29082, 246, 168, 14.422205101855956, 0.0, 0.0, 0.0, 0.0, 0.0, true, 1.0, 0.27103704723867234, 19, 497, 678, 276, 265, 241, 1040, 1347, 407, 0, 0, 0, 346, 776, 1128, 855, 924, 186, 555, 0
"0670_020_09.jpg", 3,true, 261, 164, 362, 311, 6420, 102, 148, 16.32482771731451, 0.0, 0.0, 0.0, 0.0, 0.0, true, 1.0, 0.09900249867196569, 0, 0, 0, 0, 48, 124, 8, 12, 30, 0, 0, 0, 0, 0, 0, 0, 12, 78, 132, 0
"0670_021_01.jpg", 2,true, 267, 9, 554, 194, 39548, 288, 186, 17.46424919657298, 0.0, 0.0, 0.0, 0.0, 0.0, true, 1.0, 0.2309403507561779, 122, 1104, 1560, 1565, 555, 934, 2005, 2550, 951, 0, 0, 249, 1413, 2202, 1785, 2490, 407, 1570, 1230, 0
"0670_021_01.jpg", 3,true, 7, 8, 118, 199, 17595, 112, 192, 14.326548781894402, 0.0, 0.0, 0.0, 0.0, 0.0, true, 1.0, 0.09270723757954094, 91, 383, 178, 134, 62, 40, 0, 0, 0, 0, 0, 0, 0, 57, 114, 129, 267, 108, 213, 0
"0670_021_02.jpg", 2,true, 344, 13, 451, 147, 10063, 108, 135, 33.63406011768428, 0.0, 0.0, 0.0, 0.0, 0.0, true, 1.0, 0.06199295882442982, 0, 0, 54, 192, 256, 380, 222, 114, 0, 0, 9, 120, 186, 105, 153, 303, 204, 12, 126, 0
"0670_021_02.jpg", 3,true, 15, 24, 172, 192, 19720, 158, 169, 6.800735254367722, 0.0, 0.0, 0.0, 0.0, 0.0, true, 1.0, 0.11353470415157237, 0, 0, 90, 339, 577, 350, 124, 2, 0, 0, 0, 18, 186, 180, 156, 357, 177, 81, 327, 0
"0670_021_02.jpg", 4,false, 399, 122, 399, 122, 1, 1, 1, 9.433981132056603, 0.0, 0.0, 0.0, 0.0, 0.0, true, 1.0, 4.251917614844295E-6, 0, 0, 0, 0, 0, 0, 0, 0, 0, 0, 0, 0, 0, 0, 0, 0, 0, 0, 0, 0
"0670_021_03.jpg", 2,true, 190, 10, 415, 228, 32318, 226, 219, 19.4164878389476, 0.0, 0.0, 0.0, 0.0, 0.0, true, 1.0, 0.28401735298168296, 931, 236, 441, 545, 285, 745, 970, 1326, 1118, 0, 264, 825, 636, 396, 234, 1503, 1488, 1083, 168, 0
"0670_021_03.jpg", 3,true, 7, 9, 142, 235, 23309, 136, 227, 32.2490309931942, 0.0, 0.0, 0.0, 0.0, 0.0, true, 1.0, 0.17715649818665932, 647, 538, 147, 283, 362, 603, 354, 677, 751, 0, 0, 0, 0, 72, 1245, 957, 1212, 630, 246, 0
"0670_021_03.jpg", 4,false, 53, 187, 56, 190, 19, 4, 4, 0.0, 0.0, 0.0, 0.0, 0.0, 0.0, true, 1.0, 9.181471789927926E-5, 0, 0, 0, 0, 0, 0, 0, 0, 0, 0, 0, 0, 0, 0, 0, 0, 0, 0, 0, 0
"0670_021_03.jpg", 5,false, 53, 251, 146, 361, 3469, 94, 111, 15.660459763365825, 0.0, 0.0, 0.0, 0.0, 0.0, false, 0.8184782608695652, 0.059874672910067483, 135, 199, 218, 128, 142, 112, 293, 202, 98, 0, 99, 120, 174, 189, 186, 213, 201, 198, 147, 0
"0670_021_03.jpg", 6,false, 229, 296, 238, 316, 144, 10, 21, 2.0615528128088303, 0.0, 0.0, 0.0, 0.0, 0.0, true, 1.0, 0.0012050681724280403, 0, 0, 0, 0, 0, 0, 0, 0, 0, 0, 0, 0, 0, 0, 0, 0, 0, 0, 0, 0
"0670_021_03.jpg", 7,false, 327, 252, 408, 391, 4236, 82, 140, 21.319005605327842, 0.0, 0.0, 0.0, 0.0, 0.0, true, 1.0, 0.06587706009273286, 108, 2, 28, 145, 131, 45, 18, 102, 222, 0, 162, 126, 120, 72, 75, 54, 69, 66, 57, 0
"0670_021_04.jpg", 2,true, 58, 10, 208, 188, 19908, 151, 179, 14.0089257261219, 0.0, 0.0, 0.0, 0.0, 0.0, true, 1.0, 0.09332058169564557, 543, 417, 153, 3, 0, 91, 512, 969, 534, 0, 15, 75, 459, 723, 546, 441, 15, 423, 525, 0
"0670_021_04.jpg", 3,true, 349, 13, 567, 212, 29073, 219, 200, 10.124228365658293, 0.0, 0.0, 0.0, 0.0, 0.0, true, 1.0, 0.15122429532240467, 633, 230, 458, 1172, 704, 165, 704, 1472, 1644, 0, 384, 621, 897, 939, 840, 588, 1044, 1117, 752, 0
"0670_021_04.jpg", 4,false, 329, 197, 370, 200, 65, 42, 4, 1.0, 0.0, 0.0, 0.0, 0.0, 0.0, true, 1.0, 5.800383930174425E-4, 36, 41, 40, 47, 35, 46, 39, 40, 30, 0, 88, 38, 32, 73, 20, 50, 17, 36, 0, 0
"0670_021_05.jpg", 2,true, 8, 9, 289, 251, 42173, 282, 243, 46.32493928760188, 0.0, 0.0, 0.0, 0.0, 0.0, false, 0.9297784453623733, 0.5603519474041426, 0, 65, 667, 1326, 1124, 936, 82, 126, 252, 0, 0, 63, 402, 801, 1203, 576, 399, 384, 750, 0
"0670_021_06.jpg", 2,false, 150, 50, 150, 50, 1, 1, 1, 23.119256043393783, 0.0, 0.0, 0.0, 0.0, 0.0, false, 1.0, 7.059205557006614E-6, 0, 0, 0, 0, 0, 0, 0, 0, 0, 0, 0, 0, 0, 0, 0, 0, 0, 0, 0, 0
"0670_021_07.jpg", 2,true, 9, 8, 237, 207, 29986, 229, 200, 45.23549491273418, 0.0, 0.0, 0.0, 0.0, 0.0, true, 1.0, 0.19680217943374256, 75, 1046, 762, 1577, 962, 1304, 1705, 1177, 1490, 0, 267, 1503, 1719, 1785, 1272, 570, 990, 738, 1254, 0
"0670_021_07.jpg", 3,true, 427, 11, 530, 122, 8585, 104, 112, 11.236102527122116, 0.0, 0.0, 0.0, 0.0, 0.0, true, 1.0, 0.050051349040267104, 9, 0, 39, 201, 203, 213, 243, 167, 62, 0, 9, 0, 87, 300, 240, 207, 123, 120, 51, 0
"0670_021_07.jpg", 4,false, 346, 11, 430, 121, 5989, 85, 111, 10.404326023342406, 0.0, 0.0, 0.0, 0.0, 0.0, true, 1.0, 0.04054210836151443, 10, 20, 10, 5, 11, 15, 25, 31, 14, 0, 105, 0, 0, 0, 0, 0, 0, 9, 27, 0
"0670_021_07.jpg", 5,false, 228, 96, 316, 194, 4000, 89, 99, 19.4164878389476, 0.0, 0.0, 0.0, 0.0, 0.0, true, 1.0, 0.03786078609150012, 32, 45, 93, 110, 66, 34, 28, 32, 22, 0, 0, 0, 0, 0, 0, 12, 207, 144, 99, 0
"0670_021_07.jpg", 6,false, 9, 201, 82, 309, 3824, 74, 109, 9.219544457292887, 0.0, 0.0, 0.0, 0.0, 0.0, false, 0.5024038461538461, 0.03465952793258881, 2, 15, 13, 0, 0, 13, 2, 0, 0, 0, 0, 15, 0, 0, 0, 15, 0, 15, 0, 0
"0670_021_08.jpg", 2,true, 154, 10, 387, 153, 22992, 234, 144, 7.826237921249264, 0.0, 0.0, 0.0, 0.0, 0.0, true, 1.0, 0.14711840726510653, 235, 449, 769, 666, 627, 834, 1223, 849, 234, 0, 0, 243, 1041, 1404, 1116, 867, 306, 93, 816, 0
"0670_021_08.jpg", 3,true, 437, 14, 552, 135, 10369, 116, 122, 11.236102527122116, 0.0, 0.0, 0.0, 0.0, 0.0, true, 1.0, 0.06178833391547328, 370, 166, 177, 127, 24, 0, 77, 330, 539, 0, 0, 0, 0, 0, 112, 254, 492, 437, 515, 0
"0670_022_01.jpg", 2,true, 259, 10, 480, 146, 21932, 222, 137, 16.1245154965971, 0.0, 0.0, 0.0, 0.0, 0.0, true, 1.0, 0.1302549080069894, 470, 883, 724, 879, 732, 608, 530, 316, 663, 0, 78, 612, 1088, 1042, 714, 650, 136, 609, 876, 0
"0670_022_01.jpg", 3,false, 152, 47, 218, 95, 2097, 67, 49, 8.139410298049853, 0.0, 0.0, 0.0, 0.0, 0.0, false, 0.8652694610778443, 0.01406019803337102, 6, 0, 40, 97, 70, 58, 8, 14, 10, 0, 45, 6, 0, 0, 36, 51, 54, 57, 54, 0
"0670_022_01.jpg", 4,false, 117, 132, 137, 162, 402, 21, 31, 3.3541019662496847, 0.0, 0.0, 0.0, 0.0, 0.0, true, 1.0, 0.0027880563264467057, 22, 12, 12, 16, 21, 19, 21, 19, 17, 0, 19, 29, 12, 0, 12, 28, 17, 27, 15, 0
"0670_022_01.jpg", 5,false, 258, 154, 380, 343, 14819, 123, 190, 73.10950690573696, 0.0, 0.0, 0.0, 0.0, 0.0, false, 0.7414075286415712, 0.1000873676636859, 151, 158, 110, 90, 58, 63, 48, 33, 54, 0, 213, 0, 0, 299, 85, 0, 0, 0, 168, 0
"0670_022_02.jpg", 2,true, 27, 9, 161, 139, 11823, 135, 131, 5.0, 0.0, 0.0, 0.0, 0.0, 0.0, true, 1.0, 0.11573195471500557, 38, 126, 244, 346, 221, 267, 450, 317, 217, 0, 24, 0, 0, 0, 0, 0, 654, 828, 720, 0
"0670_022_03.jpg", 2,true, 176, 8, 350, 188, 20883, 175, 181, 19.13765920900464, 0.0, 0.0, 0.0, 0.0, 0.0, true, 1.0, 0.21693273886571743, 126, 219, 486, 137, 370, 500, 631, 662, 328, 0, 0, 0, 0, 45, 528, 906, 909, 858, 213, 0
"0670_022_03.jpg", 3,false, 96, 8, 186, 119, 5218, 91, 112, 9.486832980505138, 0.0, 0.0, 0.0, 0.0, 0.0, false, 0.7, 0.06980200393115682, 0, 0, 0, 0, 32, 37, 0, 0, 0, 0, 0, 0, 0, 0, 0, 0, 0, 9, 60, 0
"0670_022_04.jpg", 2,false, 51, 9, 368, 359, 63596, 318, 351, 62.40392615853589, 0.0, 0.0, 0.0, 0.0, 0.0, false, 0.9475844277673546, 0.716874008516323, 3296, 2810, 3700, 2375, 2287, 3974, 2674, 3361, 1681, 0, 792, 3184, 3494, 2864, 3017, 2462, 3825, 3969, 2551, 0
"0670_022_04.jpg", 3,false, 72, 42, 72, 42, 1, 1, 1, 8.381527307120106, 0.0, 0.0, 0.0, 0.0, 0.0, false, 1.0, 6.422566329053763E-6, 0, 0, 0, 0, 0, 0, 0, 0, 0, 0, 0, 0, 0, 0, 0, 0, 0, 0, 0, 0
"0670_022_04.jpg", 4,false, 27, 244, 28, 244, 3, 2, 1, 2.5495097567963922, 0.0, 0.0, 0.0, 0.0, 0.0, false, 1.0, 1.2845132658107526E-5, 0, 0, 0, 0, 0, 0, 0, 0, 0, 0, 0, 0, 0, 0, 0, 0, 0, 0, 0, 0
"0670_022_04.jpg", 5,false, 283, 259, 283, 259, 1, 1, 1, 14.317821063276353, 0.0, 0.0, 0.0, 0.0, 0.0, false, 1.0, 6.422566329053763E-6, 0, 0, 0, 0, 0, 0, 0, 0, 0, 0, 0, 0, 0, 0, 0, 0, 0, 0, 0, 0
"0670_022_04.jpg", 6,false, 158, 259, 187, 296, 788, 30, 38, 7.158910531638177, 0.0, 0.0, 0.0, 0.0, 0.0, true, 1.0, 0.00732172561512129, 0, 0, 0, 0, 0, 0, 0, 0, 0, 0, 0, 0, 0, 0, 0, 0, 0, 0, 0, 0
"0670_022_04.jpg", 7,false, 8, 9, 90, 399, 17751, 83, 391, 98.08159868191383, 0.0, 0.0, 0.0, 0.0, 0.0, true, 1.0, 0.20843154507678177, 130, 250, 262, 276, 322, 218, 82, 20, 0, 0, 36, 0, 192, 222, 237, 177, 255, 207, 234, 0
"0670_022_05.jpg", 2,true, 165, 10, 417, 237, 36009, 253, 228, 7.433034373659253, 0.0, 0.0, 0.0, 0.0, 0.0, true, 1.0, 0.24589912355488866, 1029, 2416, 947, 41, 309, 1654, 1327, 473, 93, 0, 102, 1485, 1374, 1413, 309, 1248, 906, 771, 681, 0
"0670_022_05.jpg", 3,true, 9, 9, 130, 159, 13735, 122, 151, 19.235384061671343, 0.0, 0.0, 0.0, 0.0, 0.0, true, 1.0, 0.07853050506428401, 246, 0, 0, 22, 296, 485, 403, 546, 411, 0, 0, 0, 168, 497, 439, 213, 589, 431, 72, 0
"0670_022_06.jpg", 2,true, 33, 10, 159, 150, 13196, 127, 141, 6.519202405202649, 0.0, 0.0, 0.0, 0.0, 0.0, true, 1.0, 0.07650602409638554, 0, 0, 123, 360, 540, 408, 210, 0, 0, 0, 0, 75, 276, 240, 276, 147, 381, 72, 174, 0
"0670_022_06.jpg", 3,true, 209, 12, 549, 194, 43412, 341, 183, 7.106335201775948, 0.0, 0.0, 0.0, 0.0, 0.0, true, 1.0, 0.2666111253524737, 1190, 1188, 457, 818, 1206, 568, 1199, 1629, 1276, 0, 6, 90, 1884, 1527, 1268, 1971, 712, 786, 1287, 0
"0670_022_06.jpg", 4,false, 389, 297, 455, 351, 1427, 67, 55, 21.828879952943073, 0.0, 0.0, 0.0, 0.0, 0.0, true, 1.0, 0.015743826369307014, 0, 0, 6, 32, 40, 33, 9, 0, 0, 0, 0, 0, 0, 0, 0, 0, 30, 36, 54, 0
"0670_022_06.jpg", 5,false, 262, 365, 334, 402, 1406, 73, 38, 25.5049014897137, 0.0, 0.0, 0.0, 0.0, 0.0, true, 1.0, 0.011851661967017004, 123, 132, 126, 108, 90, 102, 126, 108, 102, 0, 159, 117, 114, 138, 147, 66, 132, 84, 60, 0
"0670_022_07.jpg", 2,true, 14, 9, 457, 196, 48123, 444, 188, 14.221462653327892, 0.0, 0.0, 0.0, 0.0, 0.0, true, 1.0, 0.35520453452597267, 1267, 2700, 712, 1677, 3493, 1992, 1313, 2766, 1468, 0, 0, 255, 2817, 3597, 2790, 3289, 722, 1356, 2562, 0
"0670_022_07.jpg", 3,false, 226, 268, 348, 357, 6495, 123, 90, 15.402921800749363, 0.0, 0.0, 0.0, 0.0, 0.0, false, 0.7359550561797753, 0.04710698434448099, 151, 106, 159, 10, 0, 0, 21, 147, 102, 0, 0, 0, 0, 0, 24, 129, 168, 179, 196, 0
"0670_023_01.jpg", 2,true, 8, 7, 182, 297, 39642, 175, 291, 9.17877987534291, 0.0, 0.0, 0.0, 0.0, 0.0, true, 1.0, 0.3383451153396407, 1074, 1144, 1509, 1977, 1217, 1436, 813, 239, 248, 0, 453, 1662, 1743, 852, 1227, 1119, 366, 816, 1419, 0
"0670_023_01.jpg", 3,true, 247, 8, 357, 156, 12731, 111, 149, 9.5524865872714, 0.0, 0.0, 0.0, 0.0, 0.0, true, 1.0, 0.10988492611884766, 245, 462, 637, 487, 442, 162, 14, 186, 335, 0, 39, 12, 408, 635, 411, 469, 597, 177, 222, 0
"0670_023_01.jpg", 4,false, 140, 237, 210, 336, 3723, 71, 100, 16.00781059358212, 0.0, 0.0, 0.0, 0.0, 0.0, true, 1.0, 0.047172318486233655, 0, 0, 0, 12, 37, 43, 10, 0, 0, 0, 90, 12, 0, 0, 0, 0, 0, 0, 0, 0
"0670_023_01.jpg", 5,true, 227, 230, 305, 342, 6925, 79, 113, 18.172781845386247, 0.0, 0.0, 0.0, 0.0, 0.0, true, 1.0, 0.059310885510789835, 0, 0, 0, 0, 0, 0, 0, 0, 0, 0, 0, 0, 0, 0, 0, 0, 0, 0, 0, 0
"0670_023_01.jpg", 6,false, 49, 336, 49, 336, 1, 1, 1, 19.525624189766635, 0.0, 0.0, 0.0, 0.0, 0.0, true, 1.0, 6.643988519187839E-6, 0, 0, 0, 0, 0, 0, 0, 0, 0, 0, 0, 0, 0, 0, 0, 0, 0, 0, 0, 0
"0670_023_02.jpg", 2,true, 595, 12, 753, 213, 23451, 159, 202, 18.7949461292125, 0.0, 0.0, 0.0, 0.0, 0.0, true, 1.0, 0.10143220325601225, 591, 779, 1078, 1029, 683, 972, 504, 337, 93, 0, 102, 729, 1008, 1086, 1392, 303, 648, 420, 378, 0
"0670_023_02.jpg", 3,true, 368, 11, 522, 133, 13370, 155, 123, 17.0, 0.0, 0.0, 0.0, 0.0, 0.0, true, 1.0, 0.0602093827472406, 567, 555, 738, 393, 431, 200, 22, 35, 122, 0, 126, 0, 27, 204, 327, 804, 717, 453, 405, 0
"0670_023_02.jpg", 4,true, 289, 230, 416, 344, 10061, 128, 115, 4.924428900898052, 0.0, 0.0, 0.0, 0.0, 0.0, true, 1.0, 0.0464873912425587, 285, 35, 0, 0, 0, 95, 275, 294, 306, 0, 0, 0, 0, 0, 0, 57, 258, 641, 334, 0
"0670_023_02.jpg", 5,false, 41, 273, 752, 404, 41448, 712, 132, 75.17978451685, 0.0, 0.0, 0.0, 0.0, 0.0, true, 1.0, 0.2968118871291194, 30, 488, 313, 821, 1, 0, 163, 539, 0, 0, 324, 222, 0, 78, 447, 507, 324, 333, 120, 0
"0670_023_03.jpg", 2,true, 227, 7, 556, 247, 56049, 330, 241, 16.76305461424021, 0.0, 0.0, 0.0, 0.0, 0.0, true, 1.0, 0.34294511067127204, 1946, 1244, 1620, 1336, 1501, 2804, 2526, 2228, 2393, 0, 813, 3141, 3084, 2775, 710, 2148, 2675, 1748, 504, 0
"0670_023_03.jpg", 3,true, 8, 7, 215, 249, 32766, 208, 243, 22.327113561766108, 0.0, 0.0, 0.0, 0.0, 0.0, true, 1.0, 0.21795319594830598, 1074, 987, 1725, 2112, 1899, 969, 1221, 1230, 1779, 0, 15, 1551, 2220, 2211, 1638, 1140, 1794, 1572, 855, 0
"0670_023_03.jpg", 4,false, 36, 200, 38, 203, 19, 3, 4, 0.5, 0.0, 0.0, 0.0, 0.0, 0.0, true, 1.0, 5.174577301716666E-5, 0, 0, 0, 0, 0, 0, 0, 0, 0, 0, 0, 0, 0, 0, 0, 0, 0, 0, 0, 0
"0670_023_04.jpg", 2,true, 291, 12, 544, 227, 39760, 254, 216, 10.594810050208546, 0.0, 0.0, 0.0, 0.0, 0.0, true, 1.0, 0.23600464576074331, 1388, 1869, 719, 1182, 980, 1696, 1981, 1443, 1018, 0, 0, 366, 2178, 2064, 1797, 1053, 1365, 1716, 1737, 0
"0670_023_04.jpg", 3,false, 331, 135, 331, 135, 1, 1, 1, 22.47220505424423, 0.0, 0.0, 0.0, 0.0, 0.0, false, 1.0, 4.301630317890481E-6, 0, 0, 0, 0, 0, 0, 0, 0, 0, 0, 0, 0, 0, 0, 0, 0, 0, 0, 0, 0
"0670_023_05.jpg", 2,false, 20, 210, 27, 231, 83, 8, 22, 13.729530217745982, 0.0, 0.0, 0.0, 0.0, 0.0, false, 0.4857142857142857, 0.0011452666649314142, 0, 0, 0, 0, 0, 0, 0, 0, 0, 0, 0, 0, 0, 0, 0, 0, 0, 0, 0, 0
"0670_023_05.jpg", 3,false, 195, 210, 239, 282, 916, 45, 73, 16.80029761641144, 0.0, 0.0, 0.0, 0.0, 0.0, false, 0.6507352941176471, 0.02137614201306645, 0, 0, 0, 13, 28, 25, 9, 0, 0, 0, 39, 36, 0, 0, 0, 0, 0, 0, 0, 0
"0670_023_06.jpg", 2,true, 204, 10, 352, 164, 18303, 149, 155, 16.101242188104617, 0.0, 0.0, 0.0, 0.0, 0.0, false, 0.9830845771144279, 0.15603675427335992, 761, 810, 671, 333, 83, 17, 1, 93, 375, 0, 45, 129, 594, 582, 451, 560, 495, 57, 231, 0
"0670_023_06.jpg", 3,false, 213, 152, 213, 152, 1, 1, 1, 0.5, 0.0, 0.0, 0.0, 0.0, 0.0, false, 1.0, 6.756300249983109E-6, 0, 0, 0, 0, 0, 0, 0, 0, 0, 0, 0, 0, 0, 0, 0, 0, 0, 0, 0, 0
"0670_023_06.jpg", 4,false, 156, 222, 250, 315, 3314, 95, 94, 17.219175357722563, 0.0, 0.0, 0.0, 0.0, 0.0, false, 0.7723880597014925, 0.06033376123234917, 0, 0, 21, 105, 84, 45, 96, 63, 0, 0, 0, 0, 0, 0, 57, 63, 105, 81, 108, 0
"0670_023_07.jpg", 2,false, 74, 112, 112, 131, 303, 39, 20, 6.0, 0.0, 0.0, 0.0, 0.0, 0.0, true, 1.0, 0.005126587270289455, 22, 24, 36, 25, 15, 28, 28, 42, 25, 0, 60, 30, 21, 24, 12, 9, 15, 45, 29, 0
"0670_023_07.jpg", 3,false, 292, 231, 361, 274, 1333, 70, 44, 15.20690632574555, 0.0, 0.0, 0.0, 0.0, 0.0, false, 0.9914346895074947, 0.020243447169860925, 138, 126, 73, 91, 144, 188, 172, 133, 123, 0, 138, 141, 171, 201, 183, 174, 81, 57, 42, 0
"0670_023_08.jpg", 2,true, 255, 10, 371, 142, 8102, 117, 133, 12.5, 0.0, 0.0, 0.0, 0.0, 0.0, false, 0.8598130841121495, 0.0816447527204424, 25, 20, 14, 81, 143, 295, 159, 203, 173, 0, 285, 189, 180, 183, 0, 0, 0, 105, 171, 0
"0670_023_08.jpg", 3,false, 307, 151, 436, 288, 9493, 130, 138, 10.547511554864494, 0.0, 0.0, 0.0, 0.0, 0.0, false, 0.6996197718631179, 0.09412678258497119, 175, 235, 351, 548, 427, 263, 275, 375, 138, 0, 885, 462, 324, 315, 420, 135, 0, 18, 228, 0
"0670_023_09.jpg", 2,true, 9, 9, 213, 219, 29563, 205, 211, 23.753947040439407, 0.0, 0.0, 0.0, 0.0, 0.0, true, 1.0, 0.1557980802132296, 582, 267, 675, 1328, 1061, 1058, 959, 553, 1446, 0, 0, 27, 1098, 1257, 1173, 1236, 660, 1212, 1266, 0
"0670_023_09.jpg", 3,true, 283, 12, 512, 214, 26610, 230, 203, 37.84507894033252, 0.0, 0.0, 0.0, 0.0, 0.0, true, 1.0, 0.16817043960595746, 276, 1125, 1080, 796, 798, 1193, 1247, 1404, 643, 0, 0, 0, 1008, 1248, 1281, 1245, 348, 1514, 1918, 0
"0670_023_09.jpg", 4,true, 550, 72, 658, 194, 8540, 109, 123, 7.5, 0.0, 0.0, 0.0, 0.0, 0.0, true, 1.0, 0.048290021070830406, 449, 437, 389, 280, 198, 143, 166, 237, 374, 0, 24, 0, 0, 0, 117, 603, 768, 588, 573, 0
"0670_023_09.jpg", 5,false, 335, 134, 335, 134, 1, 1, 1, 8.381527307120106, 0.0, 0.0, 0.0, 0.0, 0.0, false, 1.0, 3.6018513515947196E-6, 0, 0, 0, 0, 0, 0, 0, 0, 0, 0, 0, 0, 0, 0, 0, 0, 0, 0, 0, 0
"0670_024_01.jpg", 2,true, 345, 174, 499, 322, 14377, 155, 149, 14.0089257261219, 0.0, 0.0, 0.0, 0.0, 0.0, true, 1.0, 0.054925323439878236, 919, 340, 275, 14, 0, 0, 355, 484, 677, 0, 0, 122, 612, 404, 546, 581, 522, 72, 205, 0
"0670_024_01.jpg", 3,true, 79, 167, 307, 394, 34160, 229, 228, 2.9154759474226504, 0.0, 0.0, 0.0, 0.0, 0.0, true, 1.0, 0.12417237442922374, 945, 722, 701, 718, 799, 683, 507, 1051, 510, 0, 42, 15, 15, 825, 2013, 1749, 726, 219, 1032, 0
"0670_024_01.jpg", 4,false, 48, 433, 75, 450, 368, 28, 18, 5.315072906367325, 0.0, 0.0, 0.0, 0.0, 0.0, true, 1.0, 0.0011986301369863014, 3, 0, 15, 25, 28, 19, 3, 0, 3, 0, 6, 0, 12, 12, 15, 15, 12, 12, 12, 0
"0670_024_02.jpg", 2,true, 220, 10, 397, 148, 16266, 178, 139, 10.307764064044152, 0.0, 0.0, 0.0, 0.0, 0.0, true, 1.0, 0.10376310039547572, 294, 375, 429, 139, 380, 418, 294, 174, 323, 0, 63, 0, 15, 513, 453, 375, 759, 375, 273, 0
"0670_024_02.jpg", 3,false, 487, 77, 555, 144, 2311, 69, 68, 15.811388300841896, 0.0, 0.0, 0.0, 0.0, 0.0, true, 1.0, 0.019677328714557112, 114, 185, 166, 118, 56, 90, 158, 225, 154, 0, 51, 111, 154, 116, 174, 165, 171, 189, 135, 0
"0670_024_03.jpg", 2,true, 91, 9, 518, 234, 62279, 428, 226, 12.257650672131263, 0.0, 0.0, 0.0, 0.0, 0.0, true, 1.0, 0.46760579721354745, 2078, 730, 2617, 3112, 1147, 3530, 4583, 1717, 1039, 0, 0, 15, 2154, 4121, 3596, 3398, 1083, 3345, 2841, 0
"0670_024_03.jpg", 3,false, 509, 14, 581, 204, 8032, 73, 191, 8.077747210701755, 0.0, 0.0, 0.0, 0.0, 0.0, true, 1.0, 0.06740372622765375, 0, 6, 3, 6, 9, 9, 9, 9, 9, 0, 60, 0, 0, 0, 0, 0, 0, 0, 0, 0
"0670_024_03.jpg", 4,false, 398, 199, 398, 199, 1, 1, 1, 0.7071067811865476, 0.0, 0.0, 0.0, 0.0, 0.0, false, 1.0, 4.83423411228959E-6, 0, 0, 0, 0, 0, 0, 0, 0, 0, 0, 0, 0, 0, 0, 0, 0, 0, 0, 0, 0
"0670_024_04.jpg", 2,true, 114, 10, 478, 246, 53468, 365, 237, 19.79898987322333, 0.0, 0.0, 0.0, 0.0, 0.0, true, 1.0, 0.2814818430300664, 1884, 2803, 2324, 2011, 2839, 3315, 3186, 2094, 1045, 0, 588, 3745, 3842, 3171, 1194, 2925, 2907, 2214, 915, 0
"0670_024_04.jpg", 3,false, 6, 13, 138, 430, 33711, 133, 418, 33.354160160315836, 0.0, 0.0, 0.0, 0.0, 0.0, false, 0.7955706984667802, 0.18089938825979435, 17, 204, 366, 457, 429, 185, 404, 323, 9, 0, 0, 0, 0, 0, 0, 0, 321, 1248, 825, 0
"0670_025_01.jpg", 2,false, 48, 10, 252, 117, 11134, 205, 108, 58.240879114244144, 0.0, 0.0, 0.0, 0.0, 0.0, false, 0.7801231310466139, 0.09298340661971298, 168, 384, 159, 72, 67, 102, 484, 48, 46, 0, 513, 0, 48, 114, 132, 120, 114, 258, 231, 0
"0670_025_01.jpg", 3,true, 446, 11, 562, 207, 16961, 117, 197, 15.443445211480501, 0.0, 0.0, 0.0, 0.0, 0.0, true, 1.0, 0.09680101802970933, 359, 782, 1096, 613, 652, 761, 595, 447, 122, 0, 723, 810, 978, 552, 90, 318, 738, 603, 615, 0
"0670_025_01.jpg", 4,false, 206, 80, 312, 303, 8526, 107, 224, 32.86715685908959, 0.0, 0.0, 0.0, 0.0, 0.0, false, 0.6608333333333334, 0.10066062736500817, 34, 4, 104, 158, 85, 22, 0, 0, 31, 0, 69, 0, 0, 0, 0, 0, 120, 120, 129, 0
"0670_025_02.jpg", 2,true, 8, 8, 262, 250, 41267, 255, 243, 13.729530217745982, 0.0, 0.0, 0.0, 0.0, 0.0, true, 1.0, 0.5543478260869565, 1426, 863, 1614, 2334, 1391, 796, 782, 1730, 1388, 0, 0, 204, 1767, 1728, 2115, 822, 1941, 1756, 1991, 0
"0670_025_02.jpg", 3,false, 38, 223, 171, 332, 6406, 134, 110, 30.602287496198713, 0.0, 0.0, 0.0, 0.0, 0.0, true, 1.0, 0.1318661656825908, 535, 771, 586, 524, 439, 209, 405, 308, 312, 0, 449, 637, 540, 420, 417, 445, 365, 387, 429, 0
"0670_025_03.jpg", 2,true, 121, 9, 253, 150, 12898, 133, 142, 50.798622028555066, 0.0, 0.0, 0.0, 0.0, 0.0, true, 1.0, 0.17238043081416576, 641, 267, 99, 394, 463, 633, 694, 670, 690, 0, 0, 249, 1095, 825, 783, 534, 744, 114, 207, 0
"0670_025_03.jpg", 3,false, 161, 121, 161, 121, 1, 1, 1, 0.0, 0.0, 0.0, 0.0, 0.0, 0.0, true, 1.0, 9.127418765972983E-6, 0, 0, 0, 0, 0, 0, 0, 0, 0, 0, 0, 0, 0, 0, 0, 0, 0, 0, 0, 0
"0670_025_03.jpg", 4,true, 6, 9, 179, 202, 19688, 174, 194, 37.23237838226293, 0.0, 0.0, 0.0, 0.0, 0.0, false, 0.8704819277108434, 0.308105147864184, 2, 19, 12, 112, 300, 608, 237, 72, 3, 0, 72, 330, 300, 156, 234, 57, 108, 75, 33, 0
"0670_025_03.jpg", 5,true, 32, 203, 157, 320, 6964, 126, 118, 4.47213595499958, 0.0, 0.0, 0.0, 0.0, 0.0, true, 1.0, 0.1357064622124863, 10, 108, 108, 179, 170, 174, 73, 3, 0, 0, 0, 0, 0, 0, 0, 0, 120, 282, 423, 0
"0670_025_04.jpg", 2,true, 21, 9, 160, 195, 19076, 140, 187, 3.5355339059327378, 0.0, 0.0, 0.0, 0.0, 0.0, true, 1.0, 0.11205033276980034, 1107, 880, 849, 358, 34, 13, 36, 571, 889, 0, 48, 398, 900, 856, 651, 147, 255, 741, 741, 0
"0670_025_04.jpg", 3,true, 331, 10, 554, 229, 32583, 224, 220, 17.902513789968157, 0.0, 0.0, 0.0, 0.0, 0.0, true, 1.0, 0.21091827344903594, 436, 148, 846, 1724, 1212, 347, 1156, 1370, 609, 0, 18, 0, 891, 1605, 1524, 840, 750, 1215, 1005, 0
"0670_025_04.jpg", 4,false, 150, 10, 336, 258, 16228, 187, 249, 7.0710678118654755, 0.0, 0.0, 0.0, 0.0, 0.0, true, 1.0, 0.19928952042628775, 1217, 884, 835, 1189, 661, 820, 1224, 1468, 1434, 0, 1548, 1443, 1389, 1362, 1185, 960, 717, 666, 462, 0
"0670_025_04.jpg", 5,false, 173, 149, 173, 149, 1, 1, 1, 6.18465843842649, 0.0, 0.0, 0.0, 0.0, 0.0, false, 1.0, 4.2799974320015404E-6, 0, 0, 0, 0, 0, 0, 0, 0, 0, 0, 0, 0, 0, 0, 0, 0, 0, 0, 0, 0
"0670_025_04.jpg", 6,false, 345, 166, 345, 166, 1, 1, 1, 0.5, 0.0, 0.0, 0.0, 0.0, 0.0, false, 1.0, 4.2799974320015404E-6, 0, 0, 0, 0, 0, 0, 0, 0, 0, 0, 0, 0, 0, 0, 0, 0, 0, 0, 0, 0
"0670_025_05.jpg", 2,true, 193, 11, 472, 176, 28107, 280, 166, 18.398369492974098, 0.0, 0.0, 0.0, 0.0, 0.0, true, 1.0, 0.19718309859154928, 1656, 1729, 500, 428, 1515, 1426, 1132, 139, 814, 0, 273, 1194, 1590, 1701, 1455, 756, 123, 843, 1404, 0
"0670_025_05.jpg", 3,false, 11, 8, 113, 102, 8240, 103, 95, 21.219095173922945, 0.0, 0.0, 0.0, 0.0, 0.0, true, 1.0, 0.041511114882063466, 173, 150, 183, 128, 2, 0, 0, 0, 66, 0, 0, 0, 0, 0, 27, 186, 204, 204, 81, 0
"0670_025_06.jpg", 2,false, 299, 9, 452, 100, 7906, 154, 92, 18.553975315279473, 0.0, 0.0, 0.0, 0.0, 0.0, false, 0.7672811059907834, 0.04224461804520246, 213, 27, 114, 258, 21, 24, 312, 51, 78, 0, 171, 0, 27, 99, 123, 132, 156, 174, 216, 0
"0670_025_06.jpg", 3,false, 96, 7, 311, 121, 12971, 216, 115, 24.50510150968569, 0.0, 0.0, 0.0, 0.0, 0.0, false, 0.6112676056338028, 0.07406523942990041, 306, 0, 0, 107, 229, 117, 70, 98, 114, 0, 0, 0, 0, 29, 139, 116, 136, 289, 332, 0
"0670_025_06.jpg", 4,true, 552, 9, 726, 146, 17940, 175, 138, 17.00735135169495, 0.0, 0.0, 0.0, 0.0, 0.0, true, 1.0, 0.07200787166795873, 732, 551, 262, 169, 8, 112, 342, 580, 631, 0, 180, 0, 60, 699, 819, 966, 315, 222, 126, 0
"0670_025_06.jpg", 5,false, 697, 65, 808, 174, 2965, 112, 110, 46.861498055439924, 0.0, 0.0, 0.0, 0.0, 0.0, true, 1.0, 0.036734450474089096, 0, 18, 118, 65, 57, 0, 0, 0, 0, 0, 72, 69, 9, 0, 0, 12, 48, 48, 0, 0
"0670_025_06.jpg", 6,false, 413, 83, 497, 165, 3640, 85, 83, 29.34706118165838, 0.0, 0.0, 0.0, 0.0, 0.0, false, 0.8589540412044374, 0.021035839942751506, 0, 0, 0, 0, 0, 0, 0, 0, 0, 0, 0, 0, 0, 0, 0, 0, 0, 0, 0, 0
"0670_025_06.jpg", 7,false, 546, 182, 664, 311, 11014, 119, 130, 37.21558813185679, 0.0, 0.0, 0.0, 0.0, 0.0, true, 1.0, 0.04612678156121414, 158, 97, 0, 0, 0, 75, 136, 187, 292, 0, 0, 0, 0, 24, 153, 195, 291, 156, 126, 0
"0670_025_06.jpg", 8,false, 452, 255, 544, 335, 4380, 93, 81, 18.681541692269406, 0.0, 0.0, 0.0, 0.0, 0.0, true, 1.0, 0.022461088914067624, 82, 74, 80, 61, 38, 40, 33, 33, 63, 0, 0, 0, 0, 0, 0, 0, 0, 351, 153, 0
"0670_025_06.jpg", 9,false, 277, 335, 335, 400, 1551, 59, 66, 13.892443989449804, 0.0, 0.0, 0.0, 0.0, 0.0, true, 1.0, 0.011610710239131732, 66, 21, 49, 71, 80, 77, 131, 126, 99, 0, 198, 171, 166, 110, 75, 0, 0, 0, 0, 0
"0670_025_07.jpg", 2,false, 168, 10, 303, 199, 17609, 136, 190, 50.61867244406949, 0.0, 0.0, 0.0, 0.0, 0.0, true, 1.0, 0.20004954787563484, 181, 84, 2, 0, 0, 12, 409, 397, 457, 0, 0, 0, 105, 207, 243, 216, 417, 93, 261, 0
"0670_025_07.jpg", 3,false, 218, 101, 220, 104, 17, 3, 4, 0.5, 0.0, 0.0, 0.0, 0.0, 0.0, true, 1.0, 9.29022668153103E-5, 0, 0, 0, 0, 0, 0, 0, 0, 0, 0, 0, 0, 0, 0, 0, 0, 0, 0, 0, 0
"0670_025_07.jpg", 4,false, 222, 285, 222, 285, 1, 1, 1, 11.423659658795863, 0.0, 0.0, 0.0, 0.0, 0.0, false, 1.0, 7.741855567942525E-6, 0, 0, 0, 0, 0, 0, 0, 0, 0, 0, 0, 0, 0, 0, 0, 0, 0, 0, 0, 0
"0670_025_08.jpg", 2,true, 27, 11, 393, 219, 58614, 367, 209, 17.5, 0.0, 0.0, 0.0, 0.0, 0.0, true, 1.0, 0.159855864417518, 2658, 1986, 759, 1371, 950, 1267, 1923, 697, 1892, 0, 240, 1584, 2208, 1977, 1791, 777, 1596, 1800, 1530, 0
"0670_025_08.jpg", 3,true, 809, 163, 1148, 404, 58567, 340, 242, 25.04495957273639, 0.0, 0.0, 0.0, 0.0, 0.0, true, 1.0, 0.17147882774172304, 876, 1359, 807, 674, 1256, 1625, 1866, 1392, 1068, 0, 9, 0, 0, 1593, 2919, 2295, 1140, 1263, 1704, 0
"0670_026_01.jpg", 2,true, 228, 9, 360, 236, 22394, 133, 228, 31.976553910638962, 0.0, 0.0, 0.0, 0.0, 0.0, true, 1.0, 0.19796318057187623, 919, 1214, 997, 614, 183, 243, 297, 327, 504, 0, 105, 63, 696, 1341, 1176, 471, 285, 798, 363, 0
"0670_026_01.jpg", 3,false, 10, 59, 75, 122, 1262, 66, 64, 19.29378138157474, 0.0, 0.0, 0.0, 0.0, 0.0, true, 1.0, 0.027575401488444968, 8, 31, 9, 0, 0, 12, 47, 10, 0, 0, 75, 42, 0, 0, 0, 0, 0, 0, 0, 0
"0670_026_01.jpg", 4,false, 137, 153, 137, 153, 1, 1, 1, 21.27204738618265, 0.0, 0.0, 0.0, 0.0, 0.0, true, 1.0, 6.528267397832616E-6, 0, 0, 0, 0, 0, 0, 0, 0, 0, 0, 0, 0, 0, 0, 0, 0, 0, 0, 0, 0
"0670_026_01.jpg", 5,false, 276, 203, 276, 203, 1, 1, 1, 0.7071067811865476, 0.0, 0.0, 0.0, 0.0, 0.0, false, 1.0, 6.528267397832616E-6, 0, 0, 0, 0, 0, 0, 0, 0, 0, 0, 0, 0, 0, 0, 0, 0, 0, 0, 0, 0
"0670_026_02.jpg", 2,true, 13, 8, 349, 171, 38609, 337, 164, 19.60229578391266, 0.0, 0.0, 0.0, 0.0, 0.0, true, 1.0, 0.37082662372517444, 927, 883, 871, 697, 39, 118, 1019, 776, 802, 0, 27, 663, 1311, 1131, 714, 1002, 84, 495, 705, 0
"0670_026_02.jpg", 3,false, 258, 88, 258, 88, 1, 1, 1, 5.024937810560445, 0.0, 0.0, 0.0, 0.0, 0.0, false, 1.0, 6.709608158883521E-6, 0, 0, 0, 0, 0, 0, 0, 0, 0, 0, 0, 0, 0, 0, 0, 0, 0, 0, 0, 0
"0670_026_02.jpg", 4,false, 165, 155, 165, 155, 1, 1, 1, 24.12985702402731, 0.0, 0.0, 0.0, 0.0, 0.0, false, 1.0, 6.709608158883521E-6, 0, 0, 0, 0, 0, 0, 0, 0, 0, 0, 0, 0, 0, 0, 0, 0, 0, 0, 0, 0
"0670_026_02.jpg", 5,true, 258, 141, 351, 290, 8814, 94, 150, 26.443335644354704, 0.0, 0.0, 0.0, 0.0, 0.0, false, 0.8308128544423441, 0.09460547504025765, 84, 101, 96, 96, 70, 66, 77, 112, 132, 0, 180, 0, 0, 0, 0, 0, 96, 240, 318, 0
"0670_026_02.jpg", 6,false, 4, 141, 92, 399, 12750, 89, 259, 72.27205545714055, 0.0, 0.0, 0.0, 0.0, 0.0, true, 1.0, 0.15466317767042403, 205, 176, 148, 143, 154, 216, 177, 185, 204, 0, 0, 0, 0, 0, 68, 361, 888, 195, 96, 0
"0670_026_02.jpg", 7,false, 277, 225, 279, 225, 4, 3, 1, 5.024937810560445, 0.0, 0.0, 0.0, 0.0, 0.0, false, 0.8571428571428571, 2.0128824476650564E-5, 0, 0, 0, 0, 0, 0, 0, 0, 0, 0, 0, 0, 0, 0, 0, 0, 0, 0, 0, 0
"0670_026_02.jpg", 8,false, 50, 261, 50, 261, 1, 1, 1, 0.0, 0.0, 0.0, 0.0, 0.0, 0.0, false, 1.0, 6.709608158883521E-6, 0, 0, 0, 0, 0, 0, 0, 0, 0, 0, 0, 0, 0, 0, 0, 0, 0, 0, 0, 0
"0670_026_02.jpg", 9,false, 100, 204, 256, 307, 5615, 157, 104, 10.259142264341596, 0.0, 0.0, 0.0, 0.0, 0.0, true, 1.0, 0.10955448201825013, 602, 358, 80, 284, 696, 839, 777, 660, 669, 0, 594, 741, 726, 636, 675, 333, 312, 510, 438, 0
"0670_026_02.jpg", 10,true, 265, 273, 350, 401, 7200, 86, 129, 34.23448553724738, 0.0, 0.0, 0.0, 0.0, 0.0, false, 0.9192439862542955, 0.07443639291465379, 146, 226, 298, 136, 81, 145, 237, 232, 164, 0, 42, 84, 165, 204, 371, 298, 164, 196, 141, 0
"0670_026_02.jpg", 11,false, 162, 291, 162, 291, 1, 1, 1, 21.592822881689184, 0.0, 0.0, 0.0, 0.0, 0.0, true, 1.0, 6.709608158883521E-6, 0, 0, 0, 0, 0, 0, 0, 0, 0, 0, 0, 0, 0, 0, 0, 0, 0, 0, 0, 0
"0670_026_03.jpg", 2,true, 112, 9, 363, 172, 26330, 252, 164, 26.119915773217954, 0.0, 0.0, 0.0, 0.0, 0.0, true, 1.0, 0.2676302599370556, 1673, 766, 94, 812, 1861, 1772, 664, 64, 1071, 0, 0, 756, 1752, 1855, 1484, 1202, 319, 555, 854, 0
"0670_026_03.jpg", 3,false, 157, 83, 157, 83, 1, 1, 1, 5.852349955359813, 0.0, 0.0, 0.0, 0.0, 0.0, true, 1.0, 6.475761225732085E-6, 0, 0, 0, 0, 0, 0, 0, 0, 0, 0, 0, 0, 0, 0, 0, 0, 0, 0, 0, 0
"0670_026_03.jpg", 4,false, 11, 68, 109, 188, 3311, 99, 121, 11.01135777277262, 0.0, 0.0, 0.0, 0.0, 0.0, true, 1.0, 0.07757314372304465, 0, 0, 0, 0, 0, 0, 0, 0, 0, 0, 0, 0, 0, 0, 0, 0, 0, 0, 0, 0
"0670_026_04.jpg", 2,true, 233, 9, 360, 273, 25828, 128, 265, 11.853269591129697, 0.0, 0.0, 0.0, 0.0, 0.0, true, 1.0, 0.22084195997239475, 1302, 1407, 997, 554, 542, 648, 763, 1256, 1318, 0, 0, 859, 2265, 1894, 667, 896, 1060, 564, 582, 0
"0670_026_04.jpg", 3,true, 8, 61, 97, 320, 17328, 90, 260, 21.095023109728988, 0.0, 0.0, 0.0, 0.0, 0.0, true, 1.0, 0.15234970116020158, 425, 388, 263, 211, 78, 0, 0, 70, 214, 0, 6, 0, 0, 0, 243, 405, 474, 222, 299, 0
"0670_026_04.jpg", 4,false, 51, 284, 53, 287, 18, 3, 4, 0.0, 0.0, 0.0, 0.0, 0.0, 0.0, true, 1.0, 7.812805187702645E-5, 0, 0, 0, 0, 0, 0, 0, 0, 0, 0, 0, 0, 0, 0, 0, 0, 0, 0, 0, 0
"0670_026_04.jpg", 5,false, 35, 335, 133, 402, 2217, 99, 68, 39.436658073421995, 0.0, 0.0, 0.0, 0.0, 0.0, true, 1.0, 0.04382983710301184, 166, 116, 35, 139, 154, 68, 51, 48, 84, 0, 126, 138, 81, 53, 105, 133, 81, 78, 66, 0
"0670_026_05.jpg", 2,true, 234, 11, 461, 190, 28610, 228, 180, 15.660459763365825, 0.0, 0.0, 0.0, 0.0, 0.0, true, 1.0, 0.12983808204096353, 953, 135, 603, 401, 823, 523, 777, 562, 1325, 0, 18, 678, 1131, 558, 993, 720, 225, 810, 969, 0
"0670_026_05.jpg", 3,true, 626, 11, 749, 185, 16605, 124, 175, 11.704699910719626, 0.0, 0.0, 0.0, 0.0, 0.0, true, 1.0, 0.06865220224875508, 858, 627, 398, 94, 0, 0, 92, 344, 539, 0, 0, 150, 474, 558, 411, 651, 132, 204, 372, 0
"0670_026_06.jpg", 2,true, 213, 9, 642, 262, 56978, 430, 254, 28.040149785619906, 0.0, 0.0, 0.0, 0.0, 0.0, true, 1.0, 0.40400677660149, 3040, 3823, 952, 3546, 2852, 1836, 4314, 2632, 1938, 0, 117, 3474, 3444, 4167, 1488, 4062, 3984, 1695, 2502, 0
"0670_026_06.jpg", 3,true, 9, 26, 162, 294, 30162, 154, 269, 12.36931687685298, 0.0, 0.0, 0.0, 0.0, 0.0, true, 1.0, 0.15323553128999565, 126, 78, 108, 228, 588, 723, 669, 840, 429, 0, 615, 84, 0, 0, 291, 801, 609, 774, 615, 0
"0670_026_06.jpg", 4,false, 226, 96, 226, 96, 1, 1, 1, 5.024937810560445, 0.0, 0.0, 0.0, 0.0, 0.0, false, 1.0, 3.6990182805483423E-6, 0, 0, 0, 0, 0, 0, 0, 0, 0, 0, 0, 0, 0, 0, 0, 0, 0, 0, 0, 0
"0670_026_06.jpg", 5,false, 355, 191, 446, 262, 1604, 92, 72, 16.76305461424021, 0.0, 0.0, 0.0, 0.0, 0.0, true, 1.0, 0.02450229709035222, 172, 133, 140, 116, 87, 116, 135, 113, 152, 0, 69, 111, 399, 78, 0, 0, 66, 309, 132, 0
"0670_026_07.jpg", 2,true, 151, 13, 471, 194, 44794, 321, 182, 45.01388674620311, 0.0, 0.0, 0.0, 0.0, 0.0, false, 0.8791981254881541, 0.27676346582026623, 1703, 1674, 600, 35, 1097, 1564, 521, 105, 954, 0, 6, 608, 1171, 1184, 1138, 1491, 210, 945, 1500, 0
"0670_026_07.jpg", 3,false, 22, 148, 156, 404, 16804, 135, 257, 5.0990195135927845, 0.0, 0.0, 0.0, 0.0, 0.0, true, 1.0, 0.1643611729594012, 0, 0, 0, 0, 0, 0, 0, 0, 0, 0, 0, 0, 0, 0, 0, 0, 0, 0, 0, 0
"0670_026_08.jpg", 2,true, 344, 11, 555, 213, 26304, 212, 203, 26.879360111431225, 0.0, 0.0, 0.0, 0.0, 0.0, true, 1.0, 0.18500081676166893, 126, 767, 747, 749, 445, 464, 775, 775, 666, 0, 60, 633, 831, 627, 453, 339, 942, 813, 816, 0
"0670_026_08.jpg", 3,false, 224, 109, 340, 216, 8343, 117, 108, 28.217902119044926, 0.0, 0.0, 0.0, 0.0, 0.0, true, 1.0, 0.05431894973046865, 5, 52, 62, 25, 8, 28, 15, 0, 0, 0, 0, 0, 0, 0, 0, 0, 0, 18, 177, 0
"0670_026_08.jpg", 4,false, 173, 203, 272, 351, 6786, 100, 149, 29.832867780352597, 0.0, 0.0, 0.0, 0.0, 0.0, false, 0.6713665943600867, 0.06405130982779225, 0, 0, 0, 0, 0, 6, 3, 0, 0, 0, 9, 0, 0, 0, 0, 0, 0, 0, 0, 0
"0670_026_09.jpg", 2,true, 352, 10, 557, 206, 30674, 206, 197, 11.40175425099138, 0.0, 0.0, 0.0, 0.0, 0.0, true, 1.0, 0.1741440200483185, 913, 1047, 928, 559, 499, 648, 600, 495, 933, 0, 0, 265, 998, 1161, 1026, 828, 175, 1094, 1075, 0
"0670_026_09.jpg", 3,false, 103, 68, 177, 132, 2504, 75, 65, 5.1478150704935, 0.0, 0.0, 0.0, 0.0, 0.0, true, 1.0, 0.02091942481236885, 20, 25, 2, 15, 39, 6, 28, 63, 35, 0, 0, 0, 0, 0, 0, 0, 30, 81, 122, 0
"0670_026_09.jpg", 4,false, 271, 216, 276, 227, 78, 6, 12, 0.5, 0.0, 0.0, 0.0, 0.0, 0.0, true, 1.0, 3.0896381261344766E-4, 0, 0, 0, 0, 0, 0, 0, 0, 0, 0, 0, 0, 0, 0, 0, 0, 0, 0, 0, 0
"0670_026_09.jpg", 5,false, 410, 257, 498, 350, 4312, 89, 94, 7.433034373659253, 0.0, 0.0, 0.0, 0.0, 0.0, true, 1.0, 0.03589987856005699, 0, 0, 0, 0, 0, 0, 0, 0, 0, 0, 0, 0, 0, 0, 0, 0, 0, 0, 0, 0
"0670_027_01.jpg", 2,false, 222, 67, 226, 73, 38, 5, 7, 3.2015621187164243, 0.0, 0.0, 0.0, 0.0, 0.0, true, 1.0, 1.095729160796689E-4, 0, 0, 0, 0, 0, 0, 0, 0, 0, 0, 0, 0, 0, 0, 0, 0, 0, 0, 0, 0
"0670_027_01.jpg", 3,false, 478, 49, 481, 51, 22, 4, 3, 7.3824115301167, 0.0, 0.0, 0.0, 0.0, 0.0, true, 1.0, 3.7567856941600764E-5, 0, 0, 0, 0, 0, 0, 0, 0, 0, 0, 0, 0, 0, 0, 0, 0, 0, 0, 0, 0
"0670_027_01.jpg", 4,false, 54, 92, 57, 95, 20, 4, 4, 0.5, 0.0, 0.0, 0.0, 0.0, 0.0, true, 1.0, 5.0090475922134354E-5, 0, 0, 0, 0, 0, 0, 0, 0, 0, 0, 0, 0, 0, 0, 0, 0, 0, 0, 0, 0
"0670_027_01.jpg", 5,false, 450, 90, 495, 126, 1166, 46, 37, 1.8027756377319946, 0.0, 0.0, 0.0, 0.0, 0.0, true, 1.0, 0.005328374376217042, 6, 3, 3, 6, 6, 0, 0, 0, 0, 0, 0, 0, 0, 0, 0, 0, 0, 0, 24, 0
"0670_027_01.jpg", 6,false, 17, 10, 754, 405, 88172, 738, 396, 109.71326264403953, 0.0, 0.0, 0.0, 0.0, 0.0, true, 1.0, 0.914927587955745, 3299, 3134, 5284, 1657, 9096, 7443, 5053, 3132, 2972, 0, 2187, 6213, 4911, 5724, 5049, 3354, 5994, 4935, 2703, 0
"0670_027_01.jpg", 7,false, 625, 309, 625, 309, 1, 1, 1, 0.0, 0.0, 0.0, 0.0, 0.0, 0.0, false, 1.0, 3.130654745133397E-6, 0, 0, 0, 0, 0, 0, 0, 0, 0, 0, 0, 0, 0, 0, 0, 0, 0, 0, 0, 0
"0670_027_01.jpg", 8,false, 515, 311, 570, 337, 951, 56, 27, 12.349089035228468, 0.0, 0.0, 0.0, 0.0, 0.0, true, 1.0, 0.004733549974641696, 44, 44, 43, 40, 42, 40, 37, 38, 29, 0, 61, 107, 45, 90, 36, 18, 0, 0, 0, 0
"0670_027_02.jpg", 2,true, 9, 10, 209, 201, 26131, 201, 192, 19.90602923739438, 0.0, 0.0, 0.0, 0.0, 0.0, true, 1.0, 0.2506543694995616, 1241, 1334, 1075, 1090, 1857, 1977, 469, 763, 880, 0, 24, 624, 2000, 2062, 1869, 1026, 753, 1197, 1131, 0
"0670_027_02.jpg", 3,true, 199, 81, 362, 325, 16402, 164, 245, 47.95049530505394, 0.0, 0.0, 0.0, 0.0, 0.0, true, 1.0, 0.2609684019095249, 744, 838, 950, 868, 663, 477, 247, 366, 532, 0, 381, 159, 285, 369, 783, 1326, 1061, 808, 513, 0
"0670_027_02.jpg", 4,false, 149, 209, 230, 289, 2330, 82, 81, 3.605551275463989, 0.0, 0.0, 0.0, 0.0, 0.0, true, 1.0, 0.04313967460137044, 129, 94, 134, 133, 136, 196, 216, 65, 184, 0, 165, 117, 126, 102, 105, 114, 174, 180, 204, 0
"0670_027_03.jpg", 2,true, 464, 9, 555, 137, 9040, 92, 129, 12.175795661885921, 0.0, 0.0, 0.0, 0.0, 0.0, true, 1.0, 0.05119842625666511, 40, 99, 92, 2, 169, 261, 119, 61, 0, 0, 0, 63, 174, 210, 234, 105, 0, 0, 57, 0
"0670_027_03.jpg", 3,true, 261, 9, 424, 192, 17731, 164, 184, 12.093386622447824, 0.0, 0.0, 0.0, 0.0, 0.0, true, 1.0, 0.13017894428051285, 1490, 1136, 1051, 566, 227, 173, 369, 791, 1127, 0, 99, 460, 1074, 1166, 804, 425, 1057, 996, 849, 0
"0670_027_03.jpg", 4,true, 101, 10, 194, 107, 6798, 94, 98, 10.606601717798213, 0.0, 0.0, 0.0, 0.0, 0.0, true, 1.0, 0.039740470397404706, 0, 0, 27, 90, 84, 90, 87, 24, 0, 0, 0, 0, 0, 0, 0, 0, 57, 186, 159, 0
"0670_027_03.jpg", 5,false, 10, 50, 89, 168, 6646, 80, 119, 18.309833423600555, 0.0, 0.0, 0.0, 0.0, 0.0, false, 0.7092391304347826, 0.041069179134096044, 12, 21, 0, 15, 51, 33, 0, 0, 0, 0, 123, 9, 0, 0, 0, 0, 0, 0, 0, 0
"0670_027_03.jpg", 6,false, 210, 118, 282, 185, 2738, 73, 68, 14.603081866510234, 0.0, 0.0, 0.0, 0.0, 0.0, true, 1.0, 0.021414643405635796, 30, 48, 18, 3, 0, 27, 33, 0, 0, 0, 0, 0, 0, 0, 0, 0, 54, 63, 42, 0
"0670_027_04.jpg", 2,true, 116, 12, 297, 178, 19081, 182, 167, 11.067971810589327, 0.0, 0.0, 0.0, 0.0, 0.0, true, 1.0, 0.12956552876581523, 1028, 458, 339, 417, 134, 0, 336, 581, 772, 0, 33, 492, 860, 538, 672, 480, 15, 390, 585, 0
"0670_027_04.jpg", 3,true, 314, 13, 399, 104, 6226, 86, 92, 17.5, 0.0, 0.0, 0.0, 0.0, 0.0, true, 1.0, 0.03372779047164342, 0, 8, 121, 136, 134, 164, 121, 18, 0, 0, 0, 0, 0, 0, 108, 141, 204, 189, 60, 0
"0670_027_04.jpg", 4,false, 425, 14, 557, 132, 11117, 133, 119, 11.10180165558726, 0.0, 0.0, 0.0, 0.0, 0.0, false, 0.7336024217961655, 0.06746836953926952, 57, 60, 0, 0, 0, 0, 0, 0, 0, 0, 0, 0, 0, 0, 0, 0, 0, 63, 54, 0
"0670_027_04.jpg", 5,false, 12, 89, 121, 255, 8383, 110, 167, 44.701789673345296, 0.0, 0.0, 0.0, 0.0, 0.0, true, 1.0, 0.07830883606725096, 119, 188, 679, 319, 233, 399, 472, 475, 335, 0, 516, 474, 615, 318, 282, 267, 273, 255, 219, 0
"0670_027_04.jpg", 6,false, 222, 205, 312, 314, 5278, 91, 110, 30.870698080866262, 0.0, 0.0, 0.0, 0.0, 0.0, false, 0.7580645161290323, 0.042671281928861306, 93, 112, 146, 148, 140, 129, 93, 88, 86, 0, 339, 174, 0, 0, 0, 0, 252, 270, 0, 0
"0670_027_04.jpg", 7,false, 258, 321, 264, 401, 469, 7, 81, 11.01135777277262, 0.0, 0.0, 0.0, 0.0, 0.0, false, 0.6397849462365591, 0.00241704464072571, 0, 0, 0, 0, 0, 0, 0, 0, 0, 0, 0, 0, 0, 0, 0, 0, 0, 0, 0, 0
"0670_027_05.jpg", 2,true, 119, 11, 389, 168, 29072, 271, 158, 13.946325680981353, 0.0, 0.0, 0.0, 0.0, 0.0, true, 1.0, 0.08968472733061321, 774, 443, 823, 813, 892, 869, 347, 929, 1127, 0, 225, 96, 1080, 1116, 948, 1368, 351, 750, 1083, 0
"0670_027_05.jpg", 3,true, 409, 11, 727, 262, 55354, 319, 252, 17.7341478509682, 0.0, 0.0, 0.0, 0.0, 0.0, true, 1.0, 0.16837722127734445, 1847, 406, 2497, 3004, 1541, 771, 2156, 3183, 2163, 0, 0, 1503, 4185, 3480, 1539, 1641, 2301, 2124, 795, 0
"0670_027_05.jpg", 4,true, 957, 11, 1146, 269, 37213, 190, 259, 14.080127840328723, 0.0, 0.0, 0.0, 0.0, 0.0, true, 1.0, 0.1030731335405548, 851, 532, 675, 1315, 1082, 969, 1545, 1749, 1452, 0, 0, 753, 2052, 2043, 1521, 504, 1227, 1542, 528, 0
"0670_027_05.jpg", 5,false, 12, 164, 58, 227, 2011, 47, 64, 11.510864433221338, 0.0, 0.0, 0.0, 0.0, 0.0, true, 1.0, 0.006300426451737225, 26, 22, 26, 30, 24, 4, 0, 0, 6, 0, 108, 30, 0, 0, 0, 0, 0, 0, 0, 0
"0670_027_06.jpg", 2,true, 37, 8, 337, 170, 32285, 301, 163, 20.155644370746373, 0.0, 0.0, 0.0, 0.0, 0.0, true, 1.0, 0.32160438393518487, 450, 24, 737, 841, 1648, 203, 412, 1150, 1351, 0, 102, 15, 918, 1692, 1086, 969, 1128, 156, 750, 0
"0670_027_06.jpg", 3,false, 100, 163, 173, 218, 2820, 74, 56, 3.2015621187164243, 0.0, 0.0, 0.0, 0.0, 0.0, true, 1.0, 0.02716361753311877, 0, 0, 0, 0, 0, 0, 0, 0, 0, 0, 0, 0, 0, 0, 0, 0, 0, 0, 0, 0
"0670_027_06.jpg", 4,false, 248, 196, 278, 212, 253, 31, 17, 5.0, 0.0, 0.0, 0.0, 0.0, 0.0, true, 1.0, 0.0034544465347378355, 37, 32, 33, 45, 25, 14, 10, 18, 23, 0, 60, 36, 33, 30, 0, 21, 21, 24, 12, 0
"0670_027_07.jpg", 2,true, 38, 8, 259, 144, 21655, 222, 137, 6.264982043070834, 0.0, 0.0, 0.0, 0.0, 0.0, true, 1.0, 0.2026208670046568, 659, 512, 299, 192, 370, 278, 24, 528, 246, 0, 0, 45, 477, 489, 378, 375, 900, 378, 66, 0
"0670_027_07.jpg", 3,false, 196, 8, 357, 177, 15650, 162, 170, 46.671725916233264, 0.0, 0.0, 0.0, 0.0, 0.0, false, 0.8383742911153119, 0.18347401451003645, 0, 0, 0, 0, 0, 0, 6, 0, 0, 0, 6, 0, 0, 0, 0, 0, 0, 0, 0, 0
"0670_027_07.jpg", 4,false, 75, 207, 180, 311, 6118, 106, 105, 23.753947040439407, 0.0, 0.0, 0.0, 0.0, 0.0, true, 1.0, 0.07414908429545046, 55, 86, 39, 12, 82, 23, 0, 0, 0, 0, 0, 0, 0, 0, 0, 0, 0, 108, 189, 0
"0670_027_08.jpg", 2,false, 198, 197, 283, 274, 3128, 86, 78, 10.770329614269007, 0.0, 0.0, 0.0, 0.0, 0.0, true, 1.0, 0.04400419837313041, 269, 162, 77, 76, 166, 160, 212, 137, 123, 0, 30, 0, 51, 117, 96, 172, 288, 323, 305, 0
"0670_027_08.jpg", 3,false, 12, 203, 128, 323, 8969, 117, 121, 30.92733418838423, 0.0, 0.0, 0.0, 0.0, 0.0, true, 1.0, 0.09286932563631593, 0, 0, 87, 115, 137, 93, 0, 6, 0, 0, 6, 0, 0, 0, 0, 0, 33, 177, 222, 0
"0670_027_08.jpg", 4,false, 283, 272, 358, 319, 1664, 76, 48, 18.721645226849056, 0.0, 0.0, 0.0, 0.0, 0.0, true, 1.0, 0.023930726843348203, 54, 50, 37, 32, 41, 55, 106, 93, 33, 0, 90, 48, 36, 36, 30, 72, 63, 66, 60, 0
"0670_028_01.jpg", 2,true, 196, 11, 469, 195, 30813, 274, 185, 17.5, 0.0, 0.0, 0.0, 0.0, 0.0, true, 1.0, 0.17762095149325643, 1199, 1426, 402, 0, 316, 1808, 902, 427, 780, 0, 111, 642, 1479, 1248, 927, 246, 1038, 747, 822, 0
"0670_028_01.jpg", 3,true, 491, 12, 681, 140, 17523, 191, 129, 16.507574019219177, 0.0, 0.0, 0.0, 0.0, 0.0, true, 1.0, 0.0863366072961599, 279, 197, 556, 554, 796, 251, 565, 927, 234, 0, 0, 102, 781, 773, 684, 621, 894, 414, 90, 0
"0670_028_01.jpg", 4,true, 24, 10, 173, 138, 14719, 150, 129, 4.716990566028302, 0.0, 0.0, 0.0, 0.0, 0.0, true, 1.0, 0.06780361829541354, 493, 134, 220, 90, 210, 384, 329, 416, 692, 0, 0, 0, 0, 0, 190, 669, 795, 669, 645, 0
"0670_028_01.jpg", 5,false, 92, 194, 151, 269, 2313, 60, 76, 22.94558781116753, 0.0, 0.0, 0.0, 0.0, 0.0, true, 1.0, 0.015978527102174973, 0, 0, 0, 0, 0, 0, 0, 0, 0, 0, 0, 0, 0, 0, 0, 0, 0, 0, 0, 0
"0670_028_02.jpg", 2,true, 154, 9, 356, 150, 20062, 203, 142, 16.446884203398525, 0.0, 0.0, 0.0, 0.0, 0.0, true, 1.0, 0.16544417277913612, 516, 458, 536, 405, 335, 226, 420, 546, 482, 0, 0, 531, 774, 474, 348, 456, 327, 518, 496, 0
"0670_028_03.jpg", 2,true, 60, 10, 377, 271, 63270, 318, 262, 10.606601717798213, 0.0, 0.0, 0.0, 0.0, 0.0, true, 1.0, 0.17476339105920258, 721, 1604, 1534, 810, 0, 487, 1982, 2039, 1002, 0, 0, 126, 1638, 1773, 2073, 774, 1710, 1263, 822, 0
"0670_028_03.jpg", 3,true, 765, 14, 1053, 299, 58009, 289, 286, 22.940139493908923, 0.0, 0.0, 0.0, 0.0, 0.0, true, 1.0, 0.17337478184991273, 84, 549, 2391, 1377, 816, 15, 159, 1125, 1416, 0, 0, 630, 1227, 1269, 594, 1161, 1707, 762, 582, 0
"0670_028_03.jpg", 4,false, 526, 196, 569, 231, 718, 44, 36, 3.605551275463989, 0.0, 0.0, 0.0, 0.0, 0.0, true, 1.0, 0.0033225936367297622, 40, 40, 36, 36, 35, 33, 18, 18, 23, 0, 0, 0, 81, 131, 53, 14, 0, 0, 0, 0
"0670_028_04.jpg", 2,true, 10, 10, 205, 283, 35273, 196, 274, 12.509996003196804, 0.0, 0.0, 0.0, 0.0, 0.0, true, 1.0, 0.35049568276303167, 928, 1488, 2167, 1837, 1563, 1982, 1078, 807, 144, 0, 60, 81, 1992, 2967, 1668, 456, 2031, 1983, 756, 0
"0670_028_04.jpg", 3,false, 199, 254, 279, 308, 2376, 81, 55, 6.264982043070834, 0.0, 0.0, 0.0, 0.0, 0.0, true, 1.0, 0.029075269378618093, 54, 44, 36, 36, 34, 49, 71, 70, 59, 0, 72, 87, 48, 36, 54, 36, 57, 33, 30, 0
"0670_028_05.jpg", 2,false, 30, 8, 138, 83, 2972, 109, 76, 53.39007398384086, 0.0, 0.0, 0.0, 0.0, 0.0, true, 1.0, 0.05503880089295206, 0, 0, 0, 0, 0, 0, 228, 0, 0, 0, 0, 33, 36, 36, 36, 36, 45, 6, 0, 0
"0670_028_05.jpg", 3,false, 9, 67, 48, 87, 265, 40, 21, 12.0, 0.0, 0.0, 0.0, 0.0, 0.0, true, 1.0, 0.005580950356117785, 9, 17, 20, 24, 26, 47, 60, 36, 19, 0, 21, 12, 15, 21, 39, 30, 33, 45, 42, 0
"0670_028_06.jpg", 2,true, 173, 48, 538, 406, 81245, 366, 359, 11.76860229593982, 0.0, 0.0, 0.0, 0.0, 0.0, true, 1.0, 0.20656283554237798, 2915, 1032, 431, 1253, 1412, 626, 168, 593, 1920, 0, 1590, 30, 0, 106, 1574, 2812, 1304, 441, 2493, 0
"0670_028_06.jpg", 3,true, 8, 127, 136, 414, 29500, 129, 288, 8.276472678623424, 0.0, 0.0, 0.0, 0.0, 0.0, true, 1.0, 0.0584061864778485, 279, 348, 528, 306, 234, 280, 122, 0, 84, 0, 0, 0, 0, 0, 0, 87, 561, 768, 765, 0
"0670_028_06.jpg", 4,false, 351, 425, 424, 487, 1840, 74, 63, 31.906112267087632, 0.0, 0.0, 0.0, 0.0, 0.0, false, 0.5166994106090373, 0.007329070880699013, 40, 125, 140, 140, 139, 118, 37, 0, 2, 0, 105, 147, 102, 87, 90, 48, 42, 42, 78, 0
"0670_028_06.jpg", 5,false, 524, 602, 528, 604, 15, 5, 3, 1.5811388300841898, 0.0, 0.0, 0.0, 0.0, 0.0, false, 0.7692307692307693, 2.3581309139958214E-5, 0, 0, 0, 0, 0, 0, 0, 0, 0, 0, 0, 0, 0, 0, 0, 0, 0, 0, 0, 0
"0670_028_06.jpg", 6,false, 6, 507, 743, 838, 128155, 738, 332, 236.71554659548661, 0.0, 0.0, 0.0, 0.0, 0.0, true, 1.0, 0.38518653601573344, 736, 546, 45, 150, 84, 39, 83, 82, 68, 0, 90, 246, 213, 177, 273, 48, 0, 357, 429, 0
"0670_028_06.jpg", 7,false, 611, 743, 611, 743, 1, 1, 1, 8.73212459828649, 0.0, 0.0, 0.0, 0.0, 0.0, false, 1.0, 1.5720872759972143E-6, 0, 0, 0, 0, 0, 0, 0, 0, 0, 0, 0, 0, 0, 0, 0, 0, 0, 0, 0, 0
"0670_028_06.jpg", 8,false, 601, 781, 601, 781, 1, 1, 1, 2.0615528128088303, 0.0, 0.0, 0.0, 0.0, 0.0, false, 1.0, 1.5720872759972143E-6, 0, 0, 0, 0, 0, 0, 0, 0, 0, 0, 0, 0, 0, 0, 0, 0, 0, 0, 0, 0
"0670_028_06.jpg", 9,false, 482, 783, 482, 783, 1, 1, 1, 11.543396380615196, 0.0, 0.0, 0.0, 0.0, 0.0, true, 1.0, 1.5720872759972143E-6, 0, 0, 0, 0, 0, 0, 0, 0, 0, 0, 0, 0, 0, 0, 0, 0, 0, 0, 0, 0
"0670_028_06.jpg", 10,false, 571, 796, 571, 796, 1, 1, 1, 0.7071067811865476, 0.0, 0.0, 0.0, 0.0, 0.0, false, 1.0, 1.5720872759972143E-6, 0, 0, 0, 0, 0, 0, 0, 0, 0, 0, 0, 0, 0, 0, 0, 0, 0, 0, 0, 0
"0670_028_06.jpg", 11,false, 356, 802, 356, 802, 1, 1, 1, 13.946325680981353, 0.0, 0.0, 0.0, 0.0, 0.0, false, 1.0, 1.5720872759972143E-6, 0, 0, 0, 0, 0, 0, 0, 0, 0, 0, 0, 0, 0, 0, 0, 0, 0, 0, 0, 0
"0670_028_06.jpg", 12,false, 223, 819, 248, 823, 128, 26, 5, 2.5495097567963922, 0.0, 0.0, 0.0, 0.0, 0.0, true, 1.0, 2.0437134587963785E-4, 0, 0, 0, 0, 0, 0, 0, 0, 0, 0, 0, 0, 0, 0, 0, 0, 0, 0, 0, 0
"0670_029_01.jpg", 2,true, 383, 11, 741, 219, 50953, 359, 209, 9.219544457292887, 0.0, 0.0, 0.0, 0.0, 0.0, true, 1.0, 0.15773220149426304, 1547, 1135, 1795, 1465, 3673, 2871, 1694, 1188, 1348, 0, 555, 2595, 2964, 2751, 1347, 993, 1854, 2031, 1626, 0
"0670_029_01.jpg", 3,true, 31, 8, 327, 204, 39427, 297, 197, 23.04886114323222, 0.0, 0.0, 0.0, 0.0, 0.0, true, 1.0, 0.12299920535815644, 1618, 654, 742, 1171, 2077, 1175, 10, 1238, 1650, 0, 0, 668, 1801, 2061, 1716, 882, 392, 1243, 1572, 0
"0670_029_01.jpg", 4,true, 797, 12, 1127, 230, 50519, 331, 219, 8.74642784226795, 0.0, 0.0, 0.0, 0.0, 0.0, true, 1.0, 0.15238834020761594, 641, 912, 2021, 2062, 1360, 2478, 3192, 1926, 1626, 0, 0, 0, 2169, 2817, 3219, 3225, 858, 2157, 1773, 0
"0670_029_01.jpg", 5,false, 195, 348, 196, 363, 41, 2, 16, 2.0615528128088303, 0.0, 0.0, 0.0, 0.0, 0.0, true, 1.0, 6.727126718045097E-5, 0, 0, 0, 0, 0, 0, 0, 0, 0, 0, 0, 0, 0, 0, 0, 0, 0, 0, 0, 0
"0670_029_02.jpg", 2,true, 40, 8, 307, 186, 32639, 268, 179, 14.560219778561036, 0.0, 0.0, 0.0, 0.0, 0.0, true, 1.0, 0.16777650317562462, 1504, 530, 6, 1305, 2802, 1836, 297, 207, 1191, 0, 15, 951, 1746, 1542, 1668, 1026, 360, 1272, 1098, 0
"0670_029_02.jpg", 3,true, 327, 9, 597, 173, 27004, 271, 165, 17.219175357722563, 0.0, 0.0, 0.0, 0.0, 0.0, true, 1.0, 0.156385523628326, 2014, 1442, 534, 521, 2047, 1479, 1000, 53, 1071, 0, 90, 1386, 1893, 1860, 1869, 777, 483, 819, 984, 0
"0670_029_02.jpg", 4,false, 138, 155, 224, 237, 3686, 87, 83, 11.10180165558726, 0.0, 0.0, 0.0, 0.0, 0.0, true, 1.0, 0.025254609552055062, 120, 165, 101, 79, 54, 6, 0, 0, 0, 0, 0, 27, 72, 99, 69, 66, 93, 57, 42, 0
"0670_029_02.jpg", 5,false, 463, 176, 479, 201, 338, 17, 26, 2.0, 0.0, 0.0, 0.0, 0.0, 0.0, true, 1.0, 0.0015458437089057385, 0, 0, 0, 0, 0, 0, 0, 0, 0, 0, 0, 0, 0, 0, 0, 0, 0, 0, 0, 0
"0670_029_03.jpg", 2,true, 96, 9, 402, 192, 35090, 307, 184, 16.867127793433, 0.0, 0.0, 0.0, 0.0, 0.0, true, 1.0, 0.3203738678191233, 1713, 699, 672, 1337, 1508, 1397, 626, 320, 1541, 0, 9, 639, 1452, 2019, 1572, 750, 249, 1626, 1497, 0
"0670_029_04.jpg", 2,true, 143, 8, 418, 212, 37392, 276, 205, 19.525624189766635, 0.0, 0.0, 0.0, 0.0, 0.0, true, 1.0, 0.32246482124232734, 2087, 904, 607, 1013, 3335, 3559, 1505, 1400, 1823, 0, 639, 2274, 2254, 2298, 1343, 1106, 2337, 1885, 2097, 0
"0670_029_05.jpg", 2,true, 304, 9, 648, 191, 41588, 345, 183, 20.5, 0.0, 0.0, 0.0, 0.0, 0.0, false, 0.9847560975609756, 0.2213445802393824, 1394, 1471, 1329, 2091, 2752, 1271, 1526, 968, 1311, 0, 0, 777, 2379, 2366, 2455, 1608, 678, 1840, 2010, 0
"0670_029_05.jpg", 3,true, 76, 17, 279, 188, 24582, 204, 172, 9.86154146165801, 0.0, 0.0, 0.0, 0.0, 0.0, true, 1.0, 0.12301478785838996, 604, 462, 675, 474, 184, 0, 19, 323, 670, 0, 0, 207, 873, 624, 516, 531, 318, 45, 297, 0
"0670_029_05.jpg", 4,false, 251, 110, 336, 208, 3763, 86, 99, 27.681221071332818, 0.0, 0.0, 0.0, 0.0, 0.0, false, 0.7779503105590062, 0.029849176465638737, 0, 0, 0, 0, 0, 0, 0, 0, 0, 0, 0, 0, 0, 0, 0, 0, 0, 0, 0, 0
"0670_029_05.jpg", 5,false, 454, 197, 454, 197, 1, 1, 1, 0.5, 0.0, 0.0, 0.0, 0.0, 0.0, true, 1.0, 3.5058934068168593E-6, 0, 0, 0, 0, 0, 0, 0, 0, 0, 0, 0, 0, 0, 0, 0, 0, 0, 0, 0, 0
"0670_029_06.jpg", 2,true, 178, 8, 550, 244, 61459, 373, 237, 28.692333470807146, 0.0, 0.0, 0.0, 0.0, 0.0, true, 1.0, 0.3866536034046127, 930, 1039, 2576, 636, 2585, 4704, 2119, 2265, 1737, 0, 0, 495, 2931, 2739, 2739, 1143, 3369, 3672, 1503, 0
"0670_029_06.jpg", 3,true, 8, 8, 144, 161, 14885, 137, 154, 9.7082439194738, 0.0, 0.0, 0.0, 0.0, 0.0, true, 1.0, 0.0922796996032909, 12, 0, 0, 0, 9, 233, 391, 905, 325, 0, 0, 0, 0, 30, 327, 393, 432, 225, 468, 0
"0670_029_06.jpg", 4,false, 342, 204, 441, 302, 2697, 100, 99, 19.241881404893856, 0.0, 0.0, 0.0, 0.0, 0.0, true, 1.0, 0.043301214620939416, 66, 0, 21, 273, 336, 204, 120, 198, 216, 0, 21, 177, 123, 84, 72, 75, 261, 330, 291, 0
"0670_029_07.jpg", 2,true, 315, 11, 549, 259, 40751, 235, 249, 32.69556544854363, 0.0, 0.0, 0.0, 0.0, 0.0, true, 1.0, 0.255312186395567, 186, 756, 1569, 1662, 963, 447, 936, 1095, 321, 0, 0, 1083, 1653, 1119, 504, 924, 1017, 879, 756, 0
"0670_029_07.jpg", 3,true, 218, 227, 457, 398, 28556, 240, 172, 7.433034373659253, 0.0, 0.0, 0.0, 0.0, 0.0, true, 1.0, 0.1801125703564728, 686, 250, 219, 193, 640, 397, 461, 411, 307, 0, 618, 291, 0, 0, 0, 12, 709, 1063, 871, 0
"0670_030_01.jpg", 2,true, 234, 10, 561, 251, 49845, 328, 242, 46.502688094345686, 0.0, 0.0, 0.0, 0.0, 0.0, true, 1.0, 0.19913647983823424, 785, 1369, 1660, 881, 744, 1280, 2071, 2009, 937, 0, 111, 1914, 1725, 1869, 783, 1383, 1884, 1551, 516, 0
"0670_030_02.jpg", 2,true, 256, 6, 650, 223, 52876, 395, 218, 18.848076824970764, 0.0, 0.0, 0.0, 0.0, 0.0, true, 1.0, 0.2976947755621318, 2233, 1735, 2203, 2602, 3726, 3815, 881, 1049, 3015, 0, 840, 2796, 3606, 2694, 1011, 1825, 3431, 2772, 2284, 0
"0670_030_02.jpg", 3,true, 63, 28, 213, 194, 19199, 151, 167, 4.0, 0.0, 0.0, 0.0, 0.0, 0.0, true, 1.0, 0.0871788312083414, 0, 39, 116, 128, 152, 136, 131, 27, 0, 0, 0, 0, 0, 0, 315, 279, 96, 0, 39, 0
"0670_031_01.jpg", 2,true, 184, 7, 358, 247, 20637, 175, 241, 23.47871376374779, 0.0, 0.0, 0.0, 0.0, 0.0, true, 1.0, 0.27952677624602335, 681, 1034, 1409, 2277, 1820, 1676, 1307, 1982, 957, 0, 132, 1731, 2439, 1809, 759, 1884, 1839, 1899, 651, 0
"0670_031_01.jpg", 3,true, 6, 21, 127, 221, 16595, 122, 201, 15.033296378372908, 0.0, 0.0, 0.0, 0.0, 0.0, true, 1.0, 0.16252651113467656, 20, 0, 195, 496, 229, 517, 684, 550, 279, 0, 0, 0, 0, 0, 483, 980, 547, 813, 147, 0
"0670_031_01.jpg", 4,false, 160, 183, 194, 211, 593, 35, 29, 9.12414379544733, 0.0, 0.0, 0.0, 0.0, 0.0, true, 1.0, 0.006727200424178154, 30, 30, 29, 25, 3, 2, 22, 33, 28, 0, 0, 0, 0, 0, 21, 43, 53, 33, 52, 0
"0670_031_01.jpg", 5,false, 103, 218, 157, 279, 844, 55, 62, 32.5, 0.0, 0.0, 0.0, 0.0, 0.0, true, 1.0, 0.022600742311770942, 0, 0, 0, 0, 0, 3, 7, 2, 0, 0, 12, 0, 0, 0, 0, 0, 0, 0, 0, 0
"0670_031_02.jpg", 2,true, 429, 10, 650, 230, 22718, 222, 221, 33.60431519909311, 0.0, 0.0, 0.0, 0.0, 0.0, false, 0.9655650566212156, 0.15675561690054443, 1803, 2321, 2099, 2251, 1931, 2104, 1845, 615, 786, 0, 21, 1038, 2514, 2346, 2046, 1815, 1989, 2211, 1775, 0
"0670_031_02.jpg", 3,false, 101, 8, 212, 74, 5989, 112, 67, 22.7705950734714, 0.0, 0.0, 0.0, 0.0, 0.0, true, 1.0, 0.023975666487743783, 0, 0, 0, 6, 37, 41, 42, 29, 1, 0, 0, 0, 0, 0, 0, 39, 39, 30, 48, 0
"0670_031_02.jpg", 4,false, 393, 56, 437, 194, 1353, 45, 139, 17.334935823359714, 0.0, 0.0, 0.0, 0.0, 0.0, false, 0.962882096069869, 0.0199850471589602, 0, 0, 0, 0, 0, 0, 0, 0, 0, 0, 0, 0, 0, 0, 0, 0, 0, 0, 0, 0
"0670_031_02.jpg", 5,false, 9, 113, 78, 210, 4558, 70, 98, 9.394147114027968, 0.0, 0.0, 0.0, 0.0, 0.0, true, 1.0, 0.0219180533190195, 30, 30, 27, 30, 35, 26, 28, 19, 24, 0, 0, 0, 0, 0, 33, 54, 60, 51, 51, 0
"0670_031_03.jpg", 2,false, 6, 126, 71, 215, 2787, 66, 90, 20.112185361118765, 0.0, 0.0, 0.0, 0.0, 0.0, false, 0.7423780487804879, 0.03936903499469777, 60, 48, 33, 27, 53, 28, 59, 62, 29, 0, 55, 56, 51, 21, 0, 45, 36, 90, 45, 0
"0670_031_04.jpg", 2,false, 66, 117, 146, 159, 1773, 81, 43, 7.211102550927978, 0.0, 0.0, 0.0, 0.0, 0.0, false, 0.7956989247311828, 0.023597560975609756, 57, 54, 30, 20, 34, 40, 47, 53, 46, 0, 135, 69, 34, 44, 30, 0, 0, 0, 69, 0
"0670_031_04.jpg", 3,false, 182, 238, 212, 276, 860, 31, 39, 8.94427190999916, 0.0, 0.0, 0.0, 0.0, 0.0, true, 1.0, 0.008191056910569105, 25, 20, 19, 8, 0, 4, 19, 22, 24, 0, 0, 0, 0, 0, 0, 6, 36, 54, 45, 0
"0670_031_04.jpg", 4,false, 79, 251, 91, 259, 105, 13, 9, 0.0, 0.0, 0.0, 0.0, 0.0, 0.0, true, 1.0, 7.926829268292683E-4, 0, 0, 0, 0, 0, 0, 0, 0, 0, 0, 0, 0, 0, 0, 0, 0, 0, 0, 0, 0
"0670_031_04.jpg", 5,false, 109, 265, 113, 269, 33, 5, 5, 1.0, 0.0, 0.0, 0.0, 0.0, 0.0, true, 1.0, 1.6937669376693767E-4, 0, 0, 0, 0, 0, 0, 0, 0, 0, 0, 0, 0, 0, 0, 0, 0, 0, 0, 0, 0
"0670_031_05.jpg", 2,true, 7, 8, 171, 213, 26590, 165, 206, 11.884864324004713, 0.0, 0.0, 0.0, 0.0, 0.0, true, 1.0, 0.2240606460118655, 632, 687, 892, 929, 1073, 438, 301, 204, 265, 0, 9, 0, 450, 1155, 1381, 677, 51, 751, 947, 0
"0670_031_05.jpg", 3,true, 223, 10, 356, 163, 13362, 134, 154, 7.905694150420948, 0.0, 0.0, 0.0, 0.0, 0.0, true, 1.0, 0.13603164139749505, 90, 0, 0, 114, 228, 365, 736, 289, 194, 0, 33, 0, 0, 0, 129, 600, 579, 480, 195, 0
"0670_031_05.jpg", 4,false, 308, 218, 361, 323, 3080, 54, 106, 9.300537618869138, 0.0, 0.0, 0.0, 0.0, 0.0, false, 0.6903460837887068, 0.03773236651285432, 151, 31, 30, 34, 60, 65, 121, 200, 211, 0, 122, 227, 255, 158, 93, 48, 0, 0, 0, 0
"0670_031_06.jpg", 2,true, 7, 8, 193, 214, 29344, 187, 207, 13.416407864998739, 0.0, 0.0, 0.0, 0.0, 0.0, true, 1.0, 0.1685932055749129, 832, 1451, 920, 790, 928, 566, 463, 482, 816, 0, 30, 198, 816, 915, 1089, 309, 1041, 1320, 1530, 0
"0670_031_07.jpg", 2,true, 9, 10, 133, 187, 16279, 125, 178, 17.92344832893492, 0.0, 0.0, 0.0, 0.0, 0.0, true, 1.0, 0.0955838130423576, 389, 560, 305, 95, 27, 6, 0, 9, 160, 0, 30, 12, 192, 273, 195, 325, 185, 163, 176, 0
"0670_031_07.jpg", 3,true, 318, 11, 557, 195, 23691, 240, 185, 25.04495957273639, 0.0, 0.0, 0.0, 0.0, 0.0, true, 1.0, 0.1907380359137383, 364, 944, 991, 1152, 1244, 1472, 1390, 2135, 1150, 0, 0, 0, 1507, 2316, 1979, 2082, 1332, 441, 1185, 0
"0670_031_07.jpg", 4,false, 125, 76, 222, 187, 3693, 98, 112, 21.783020910791965, 0.0, 0.0, 0.0, 0.0, 0.0, false, 0.525679758308157, 0.047151817166423235, 0, 0, 4, 11, 0, 0, 0, 0, 0, 0, 0, 0, 0, 0, 0, 0, 0, 0, 15, 0
"0670_031_08.jpg", 2,true, 116, 5, 344, 164, 24409, 229, 160, 9.656603957913983, 0.0, 0.0, 0.0, 0.0, 0.0, true, 1.0, 0.2102725968436155, 1455, 1146, 633, 3, 417, 469, 317, 3, 360, 0, 0, 204, 774, 567, 765, 774, 114, 522, 1083, 0
"0670_031_08.jpg", 3,false, 311, 90, 311, 90, 1, 1, 1, 6.363961030678928, 0.0, 0.0, 0.0, 0.0, 0.0, false, 1.0, 5.738880918220947E-6, 0, 0, 0, 0, 0, 0, 0, 0, 0, 0, 0, 0, 0, 0, 0, 0, 0, 0, 0, 0
"0670_031_08.jpg", 4,false, 342, 6, 415, 164, 9142, 74, 159, 21.360009363293827, 0.0, 0.0, 0.0, 0.0, 0.0, false, 0.9488448844884488, 0.06752367288378766, 0, 0, 4, 11, 3, 9, 9, 6, 0, 0, 42, 0, 0, 0, 0, 0, 0, 0, 0, 0
"0670_031_08.jpg", 5,false, 285, 111, 285, 111, 1, 1, 1, 5.0, 0.0, 0.0, 0.0, 0.0, 0.0, false, 1.0, 5.738880918220947E-6, 0, 0, 0, 0, 0, 0, 0, 0, 0, 0, 0, 0, 0, 0, 0, 0, 0, 0, 0, 0
"0670_031_09.jpg", 2,true, 270, 8, 412, 141, 13220, 143, 134, 5.70087712549569, 0.0, 0.0, 0.0, 0.0, 0.0, true, 1.0, 0.06619912941339046, 476, 341, 44, 0, 2, 94, 275, 467, 416, 0, 0, 0, 39, 229, 353, 596, 391, 331, 176, 0
"0670_031_09.jpg", 3,true, 436, 9, 697, 267, 40612, 262, 259, 28.151376520518493, 0.0, 0.0, 0.0, 0.0, 0.0, true, 1.0, 0.2344296275823948, 267, 1293, 1896, 822, 135, 1656, 2688, 1911, 1392, 0, 108, 690, 2112, 2625, 612, 1911, 1452, 582, 1968, 0
"0670_031_09.jpg", 4,true, 8, 7, 219, 224, 35070, 212, 218, 12.206555615733702, 0.0, 0.0, 0.0, 0.0, 0.0, true, 1.0, 0.15966282042423824, 444, 338, 1234, 1301, 893, 575, 456, 907, 723, 0, 0, 33, 1252, 1315, 1108, 1245, 228, 867, 823, 0
"0670_031_09.jpg", 5,false, 223, 83, 299, 138, 1703, 77, 56, 25.612496949731394, 0.0, 0.0, 0.0, 0.0, 0.0, false, 0.7931034482758621, 0.014896704207835279, 96, 131, 151, 42, 27, 93, 114, 15, 0, 0, 0, 51, 102, 102, 99, 93, 96, 87, 39, 0
"0670_031_09.jpg", 6,false, 333, 243, 412, 325, 3351, 80, 83, 22.299103120977758, 0.0, 0.0, 0.0, 0.0, 0.0, false, 0.6797520661157025, 0.022939266219857667, 0, 0, 0, 0, 0, 0, 9, 0, 0, 0, 9, 0, 0, 0, 0, 0, 0, 0, 0, 0
"0670_031_09.jpg", 7,false, 666, 297, 668, 325, 106, 3, 29, 2.9154759474226504, 0.0, 0.0, 0.0, 0.0, 0.0, false, 0.5135135135135135, 3.0055966282042425E-4, 0, 0, 0, 0, 0, 0, 0, 0, 0, 0, 0, 0, 0, 0, 0, 0, 0, 0, 0, 0
"0670_032_01.jpg", 2,true, 30, 7, 218, 174, 23112, 189, 168, 5.024937810560445, 0.0, 0.0, 0.0, 0.0, 0.0, true, 1.0, 0.11228993379731794, 243, 1030, 950, 383, 430, 384, 910, 731, 675, 0, 0, 107, 829, 1095, 1044, 1091, 337, 432, 801, 0
"0670_032_01.jpg", 3,true, 533, 8, 678, 215, 24064, 146, 208, 14.84082207965583, 0.0, 0.0, 0.0, 0.0, 0.0, true, 1.0, 0.10739546200418718, 769, 1406, 709, 582, 396, 69, 0, 0, 167, 0, 0, 102, 573, 789, 567, 135, 480, 801, 651, 0
"0670_032_02.jpg", 2,true, 71, 8, 282, 180, 26100, 212, 173, 17.240939649566666, 0.0, 0.0, 0.0, 0.0, 0.0, true, 1.0, 0.20704410610756402, 1216, 1591, 666, 384, 143, 708, 766, 200, 513, 0, 267, 948, 1093, 983, 645, 118, 704, 636, 793, 0
"0670_032_02.jpg", 3,true, 308, 9, 425, 231, 19792, 118, 223, 17.5, 0.0, 0.0, 0.0, 0.0, 0.0, true, 1.0, 0.1485483315550889, 482, 1059, 880, 1014, 594, 351, 137, 13, 45, 0, 147, 18, 438, 975, 762, 273, 837, 603, 522, 0
"0670_032_03.jpg", 2,true, 8, 8, 459, 271, 78960, 452, 264, 39.02883549377306, 0.0, 0.0, 0.0, 0.0, 0.0, true, 1.0, 0.6205626917676427, 1681, 357, 2330, 1387, 150, 1470, 3189, 1084, 2317, 0, 0, 0, 1698, 3213, 3026, 949, 1440, 1725, 1914, 0
"0670_032_04.jpg", 2,true, 343, 8, 647, 208, 42112, 305, 201, 28.71410803072246, 0.0, 0.0, 0.0, 0.0, 0.0, true, 1.0, 0.22863056612217497, 1713, 1119, 1745, 997, 1510, 1923, 651, 1264, 1807, 0, 1272, 1727, 2050, 1347, 360, 1580, 1880, 1739, 774, 0
"0670_032_04.jpg", 3,false, 306, 339, 422, 397, 4578, 117, 59, 8.200609733428363, 0.0, 0.0, 0.0, 0.0, 0.0, false, 0.7052932761087267, 0.025744014320877154, 93, 50, 42, 43, 50, 72, 40, 2, 12, 0, 0, 0, 0, 0, 108, 84, 87, 51, 74, 0
"0670_032_04.jpg", 4,false, 415, 352, 441, 373, 545, 27, 22, 1.5811388300841898, 0.0, 0.0, 0.0, 0.0, 0.0, true, 1.0, 0.002215260684716939, 0, 0, 0, 0, 0, 0, 0, 0, 0, 0, 0, 0, 0, 0, 0, 0, 0, 0, 0, 0
"0670_032_04.jpg", 5,false, 435, 316, 629, 397, 9475, 195, 82, 18.867962264113206, 0.0, 0.0, 0.0, 0.0, 0.0, false, 0.6902564102564103, 0.05963302752293578, 0, 0, 48, 137, 277, 279, 165, 140, 1, 0, 342, 219, 243, 165, 78, 0, 0, 0, 0, 0
"0670_032_05.jpg", 2,true, 8, 6, 187, 230, 29172, 180, 225, 12.747548783981962, 0.0, 0.0, 0.0, 0.0, 0.0, true, 1.0, 0.2676977989292088, 749, 777, 1009, 846, 939, 1143, 576, 564, 766, 0, 0, 15, 636, 1465, 1757, 609, 265, 1376, 1246, 0
"0670_032_05.jpg", 3,true, 212, 7, 359, 216, 22692, 148, 210, 22.102036105300343, 0.0, 0.0, 0.0, 0.0, 0.0, true, 1.0, 0.20543327384493357, 273, 815, 1219, 1108, 653, 222, 6, 0, 15, 0, 0, 0, 504, 882, 696, 858, 81, 648, 642, 0
"0670_032_05.jpg", 4,false, 118, 215, 181, 248, 693, 64, 34, 22.5055548698538, 0.0, 0.0, 0.0, 0.0, 0.0, false, 0.7209302325581395, 0.014382973098023662, 21, 45, 81, 94, 62, 45, 44, 11, 8, 0, 96, 39, 57, 24, 45, 51, 48, 36, 15, 0
"0670_032_05.jpg", 5,true, 232, 223, 359, 397, 7810, 128, 175, 31.599050618649922, 0.0, 0.0, 0.0, 0.0, 0.0, true, 1.0, 0.1480600171855377, 0, 0, 34, 107, 342, 276, 236, 271, 48, 0, 33, 0, 0, 0, 42, 198, 357, 252, 432, 0
"0670_032_05.jpg", 6,false, 346, 303, 346, 303, 1, 1, 1, 0.7071067811865476, 0.0, 0.0, 0.0, 0.0, 0.0, true, 1.0, 6.609822195782934E-6, 0, 0, 0, 0, 0, 0, 0, 0, 0, 0, 0, 0, 0, 0, 0, 0, 0, 0, 0, 0
"0670_032_05.jpg", 7,false, 269, 320, 269, 320, 1, 1, 1, 7.566372975210778, 0.0, 0.0, 0.0, 0.0, 0.0, true, 1.0, 6.609822195782934E-6, 0, 0, 0, 0, 0, 0, 0, 0, 0, 0, 0, 0, 0, 0, 0, 0, 0, 0, 0, 0
"0670_032_06.jpg", 2,true, 254, 9, 350, 198, 14748, 97, 190, 15.532224567009067, 0.0, 0.0, 0.0, 0.0, 0.0, true, 1.0, 0.12486449864498644, 195, 219, 21, 91, 433, 201, 131, 8, 54, 0, 6, 15, 219, 297, 246, 12, 12, 213, 333, 0
"0670_032_06.jpg", 3,true, 7, 7, 163, 196, 22398, 157, 190, 29.605742686174924, 0.0, 0.0, 0.0, 0.0, 0.0, true, 1.0, 0.20210027100271002, 62, 397, 933, 957, 1012, 1230, 908, 411, 114, 0, 0, 0, 399, 1176, 1161, 1323, 783, 315, 867, 0
"0670_032_06.jpg", 4,false, 46, 130, 46, 130, 1, 1, 1, 7.7781745930520225, 0.0, 0.0, 0.0, 0.0, 0.0, true, 1.0, 6.775067750677507E-6, 0, 0, 0, 0, 0, 0, 0, 0, 0, 0, 0, 0, 0, 0, 0, 0, 0, 0, 0, 0
"0670_032_06.jpg", 5,false, 168, 139, 253, 214, 3390, 86, 76, 23.005434140654682, 0.0, 0.0, 0.0, 0.0, 0.0, true, 1.0, 0.04428184281842818, 233, 180, 211, 244, 119, 68, 160, 276, 474, 0, 304, 299, 228, 209, 175, 263, 199, 165, 123, 0
"0670_032_07.jpg", 2,true, 8, 9, 228, 278, 41237, 221, 270, 11.853269591129697, 0.0, 0.0, 0.0, 0.0, 0.0, true, 1.0, 0.39228190125567025, 850, 1173, 1218, 870, 298, 1385, 1502, 1675, 1334, 0, 345, 1979, 1861, 702, 1095, 1017, 861, 891, 1554, 0
"0670_032_08.jpg", 2,false, 6, 6, 258, 398, 55618, 253, 393, 68.0312428226914, 0.0, 0.0, 0.0, 0.0, 0.0, true, 1.0, 0.6589939024390243, 2091, 1931, 3595, 2395, 2934, 2618, 1300, 2099, 3159, 0, 645, 3798, 2577, 3714, 3750, 1455, 2331, 1440, 2412, 0
"0670_032_08.jpg", 3,false, 199, 123, 199, 123, 1, 1, 1, 6.041522986797286, 0.0, 0.0, 0.0, 0.0, 0.0, false, 1.0, 6.627783669141039E-6, 0, 0, 0, 0, 0, 0, 0, 0, 0, 0, 0, 0, 0, 0, 0, 0, 0, 0, 0, 0
"0670_032_08.jpg", 4,true, 170, 176, 312, 331, 8961, 143, 156, 34.44198019858905, 0.0, 0.0, 0.0, 0.0, 0.0, true, 1.0, 0.1478525980911983, 695, 584, 676, 247, 123, 186, 459, 358, 413, 0, 0, 238, 200, 217, 470, 572, 570, 688, 786, 0
"0670_032_09.jpg", 2,true, 7, 6, 318, 247, 48992, 312, 242, 40.152833025827704, 0.0, 0.0, 0.0, 0.0, 0.0, true, 1.0, 0.24294999678228973, 2377, 853, 750, 3018, 2216, 1827, 2702, 531, 1164, 0, 408, 2311, 2195, 1716, 1479, 2509, 2144, 1173, 1503, 0
"0670_032_09.jpg", 3,true, 575, 8, 748, 299, 32438, 174, 292, 22.4610774452162, 0.0, 0.0, 0.0, 0.0, 0.0, true, 1.0, 0.16348542377244352, 1376, 824, 254, 83, 1149, 2002, 1844, 1974, 2140, 0, 1043, 1440, 1177, 595, 1752, 1541, 609, 1446, 2043, 0
"0670_032_09.jpg", 4,true, 318, 8, 551, 254, 32347, 234, 247, 18.35755975068582, 0.0, 0.0, 0.0, 0.0, 0.0, true, 1.0, 0.18597721861123626, 285, 909, 1431, 1947, 1297, 1099, 2003, 1995, 1418, 0, 1027, 2249, 2151, 1278, 486, 1255, 1517, 279, 2142, 0
"0670_032_09.jpg", 5,false, 209, 237, 315, 328, 5323, 107, 92, 19.03943276465977, 0.0, 0.0, 0.0, 0.0, 0.0, false, 0.7642642642642643, 0.031675139970397066, 52, 52, 40, 52, 46, 18, 0, 10, 48, 0, 0, 0, 0, 0, 243, 75, 0, 0, 0, 0
"0670_033_01.jpg", 2,true, 8, 9, 357, 301, 58462, 350, 293, 3.0413812651491097, 0.0, 0.0, 0.0, 0.0, 0.0, true, 1.0, 0.6802879034130486, 1814, 2934, 4246, 3430, 3225, 3295, 3132, 2044, 3282, 0, 42, 330, 4655, 4884, 4264, 4308, 3283, 2528, 3108, 0
"0670_033_02.jpg", 2,false, 61, 48, 140, 129, 3727, 80, 82, 15.620499351813308, 0.0, 0.0, 0.0, 0.0, 0.0, true, 1.0, 0.0449438202247191, 112, 242, 314, 243, 129, 195, 202, 116, 124, 0, 139, 56, 39, 93, 231, 282, 255, 285, 297, 0
"0670_033_03.jpg", 2,true, 204, 10, 351, 205, 10001, 148, 196, 28.217902119044926, 0.0, 0.0, 0.0, 0.0, 0.0, false, 0.8935108153078203, 0.18626393383674936, 450, 507, 954, 960, 888, 1727, 1411, 977, 832, 0, 333, 1125, 1485, 1236, 831, 741, 939, 1095, 921, 0
"0670_033_03.jpg", 3,false, 12, 9, 184, 139, 12294, 173, 131, 5.1478150704935, 0.0, 0.0, 0.0, 0.0, 0.0, false, 0.6722947045280123, 0.14552190887142344, 42, 42, 31, 35, 56, 37, 37, 53, 48, 0, 333, 0, 0, 0, 0, 0, 0, 0, 48, 0
"0670_033_04.jpg", 2,true, 144, 8, 477, 197, 37958, 334, 190, 26.627053911388696, 0.0, 0.0, 0.0, 0.0, 0.0, true, 1.0, 0.2744334890157412, 1917, 1390, 2342, 2076, 710, 994, 933, 1144, 632, 0, 0, 282, 2079, 2379, 2223, 1782, 333, 1563, 1497, 0
"0670_033_04.jpg", 3,true, 9, 43, 127, 233, 16351, 119, 191, 15.074813431681335, 0.0, 0.0, 0.0, 0.0, 0.0, true, 1.0, 0.09829181802456323, 22, 2, 319, 734, 391, 123, 102, 300, 230, 0, 75, 30, 42, 483, 636, 444, 30, 24, 459, 0
"0670_033_04.jpg", 4,false, 438, 109, 517, 187, 2169, 80, 79, 19.81161275615895, 0.0, 0.0, 0.0, 0.0, 0.0, true, 1.0, 0.02733091160698841, 232, 160, 104, 85, 142, 310, 304, 221, 212, 0, 189, 254, 219, 244, 321, 183, 129, 111, 120, 0
"0670_033_05.jpg", 2,true, 150, 8, 432, 154, 21720, 283, 147, 27.459060435491963, 0.0, 0.0, 0.0, 0.0, 0.0, false, 0.9281515349444808, 0.1811890243902439, 9, 1403, 1772, 1617, 602, 588, 570, 1239, 501, 0, 0, 711, 1077, 1206, 1170, 1200, 441, 1203, 1293, 0
"0670_033_05.jpg", 3,false, 151, 67, 151, 67, 1, 1, 1, 0.7071067811865476, 0.0, 0.0, 0.0, 0.0, 0.0, false, 1.0, 4.3554006968641115E-6, 0, 0, 0, 0, 0, 0, 0, 0, 0, 0, 0, 0, 0, 0, 0, 0, 0, 0, 0, 0
"0670_033_05.jpg", 4,false, 361, 145, 405, 193, 1145, 45, 49, 10.688779163215974, 0.0, 0.0, 0.0, 0.0, 0.0, true, 1.0, 0.009603658536585366, 41, 59, 64, 48, 41, 42, 42, 34, 28, 0, 191, 103, 45, 9, 0, 0, 0, 0, 51, 0
"0670_033_05.jpg", 5,false, 295, 301, 338, 351, 1418, 44, 51, 10.198039027185569, 0.0, 0.0, 0.0, 0.0, 0.0, true, 1.0, 0.009773519163763067, 17, 18, 23, 34, 24, 36, 36, 36, 22, 0, 0, 15, 66, 12, 0, 63, 78, 12, 0, 0
"0670_033_05.jpg", 6,false, 360, 313, 400, 356, 1046, 41, 44, 6.18465843842649, 0.0, 0.0, 0.0, 0.0, 0.0, true, 1.0, 0.007857142857142858, 35, 36, 36, 26, 30, 20, 27, 20, 19, 0, 12, 90, 36, 0, 0, 0, 0, 32, 79, 0
"0670_033_06.jpg", 2,true, 360, 10, 493, 155, 12448, 134, 146, 10.51189802081432, 0.0, 0.0, 0.0, 0.0, 0.0, true, 1.0, 0.0728504933904301, 829, 622, 231, 30, 0, 159, 150, 315, 652, 0, 138, 249, 232, 245, 201, 136, 647, 666, 474, 0
"0670_033_06.jpg", 3,true, 541, 10, 645, 174, 12094, 105, 165, 25.894014752448104, 0.0, 0.0, 0.0, 0.0, 0.0, true, 1.0, 0.06451312604729101, 352, 399, 307, 294, 235, 172, 260, 231, 246, 0, 0, 0, 0, 0, 162, 643, 653, 654, 384, 0
"0670_033_06.jpg", 4,true, 157, 9, 321, 154, 15698, 165, 146, 3.5, 0.0, 0.0, 0.0, 0.0, 0.0, true, 1.0, 0.0897039657419475, 290, 266, 427, 523, 568, 307, 114, 183, 244, 0, 0, 0, 0, 0, 0, 480, 993, 793, 656, 0
"0670_033_06.jpg", 5,false, 404, 144, 404, 144, 1, 1, 1, 7.905694150420948, 0.0, 0.0, 0.0, 0.0, 0.0, false, 1.0, 3.723701359150996E-6, 6, 6, 6, 5, 5, 5, 5, 5, 5, 0, 3, 9, 6, 3, 9, 6, 0, 9, 3, 0
"0670_033_07.jpg", 2,true, 7, 7, 104, 210, 14112, 98, 204, 21.0535032714273, 0.0, 0.0, 0.0, 0.0, 0.0, true, 1.0, 0.10419011882426517, 404, 429, 137, 55, 103, 277, 431, 406, 371, 0, 39, 309, 399, 297, 214, 92, 339, 417, 507, 0
"0670_033_07.jpg", 3,true, 211, 8, 320, 146, 10364, 110, 139, 4.949747468305833, 0.0, 0.0, 0.0, 0.0, 0.0, true, 1.0, 0.07968521992912236, 0, 75, 358, 347, 320, 278, 83, 0, 0, 0, 0, 42, 174, 285, 273, 282, 162, 204, 39, 0
"0670_033_08.jpg", 2,true, 603, 9, 836, 177, 24550, 234, 169, 17.72004514666935, 0.0, 0.0, 0.0, 0.0, 0.0, true, 1.0, 0.08365451737778436, 436, 428, 467, 555, 1377, 1396, 909, 203, 475, 0, 0, 29, 685, 1310, 1183, 1178, 433, 342, 1086, 0
"0670_033_08.jpg", 3,false, 176, 36, 249, 111, 2818, 74, 76, 13.038404810405298, 0.0, 0.0, 0.0, 0.0, 0.0, true, 1.0, 0.011896854441224378, 212, 31, 54, 187, 184, 70, 18, 66, 201, 0, 147, 15, 12, 149, 138, 141, 151, 129, 141, 0
"0670_033_08.jpg", 4,true, 8, 171, 213, 400, 36831, 206, 230, 11.800423721205947, 0.0, 0.0, 0.0, 0.0, 0.0, true, 1.0, 0.10022634484801049, 544, 1416, 847, 398, 800, 392, 1310, 1308, 824, 0, 0, 0, 659, 1570, 1551, 945, 699, 1491, 924, 0
"0670_034_01.jpg", 2,false, 159, 5, 299, 72, 4037, 141, 68, 40.67247226319049, 0.0, 0.0, 0.0, 0.0, 0.0, false, 0.6148796498905909, 0.0650571998534381, 143, 140, 58, 69, 216, 131, 273, 289, 187, 0, 75, 0, 0, 15, 81, 225, 378, 346, 386, 0
"0670_034_01.jpg", 3,false, 253, 96, 316, 140, 1058, 64, 45, 15.692354826475215, 0.0, 0.0, 0.0, 0.0, 0.0, true, 1.0, 0.019541586939706063, 15, 62, 133, 144, 110, 31, 38, 109, 126, 0, 108, 123, 114, 81, 81, 72, 72, 60, 57, 0
"0670_034_01.jpg", 4,false, 7, 39, 107, 261, 12923, 101, 223, 31.851216617265973, 0.0, 0.0, 0.0, 0.0, 0.0, false, 0.6276276276276276, 0.15282470925104155, 0, 0, 0, 0, 0, 0, 0, 0, 0, 0, 0, 0, 0, 0, 0, 0, 0, 0, 0, 0
"0670_034_01.jpg", 5,false, 94, 245, 94, 245, 1, 1, 1, 9.848857801796104, 0.0, 0.0, 0.0, 0.0, 0.0, false, 1.0, 6.785273242953493E-6, 0, 0, 0, 0, 0, 0, 0, 0, 0, 0, 0, 0, 0, 0, 0, 0, 0, 0, 0, 0
"0670_034_01.jpg", 6,false, 233, 248, 353, 355, 5826, 121, 108, 21.828879952943073, 0.0, 0.0, 0.0, 0.0, 0.0, true, 1.0, 0.08866995073891626, 0, 0, 0, 0, 0, 0, 0, 0, 0, 0, 0, 0, 0, 0, 0, 0, 0, 0, 0, 0
"0670_034_02.jpg", 2,true, 309, 7, 494, 200, 25665, 186, 194, 6.082762530298219, 0.0, 0.0, 0.0, 0.0, 0.0, true, 1.0, 0.11740666749093844, 1121, 1013, 63, 149, 889, 936, 1047, 1745, 812, 0, 0, 582, 1270, 1055, 1065, 555, 787, 1277, 1184, 0
"0670_034_02.jpg", 3,true, 356, 236, 513, 372, 11919, 158, 137, 17.67766952966369, 0.0, 0.0, 0.0, 0.0, 0.0, false, 0.8452611218568665, 0.07042968419545653, 0, 0, 0, 0, 0, 201, 622, 594, 254, 0, 0, 0, 45, 252, 261, 312, 255, 246, 300, 0
"0670_034_02.jpg", 4,false, 105, 369, 144, 378, 181, 40, 10, 2.0, 0.0, 0.0, 0.0, 0.0, 0.0, true, 1.0, 0.0013014817369575262, 0, 0, 0, 0, 0, 0, 0, 0, 0, 0, 0, 0, 0, 0, 0, 0, 0, 0, 0, 0
"0670_034_02.jpg", 5,false, 290, 377, 348, 398, 389, 59, 22, 6.324555320336759, 0.0, 0.0, 0.0, 0.0, 0.0, true, 1.0, 0.004223308236427172, 60, 32, 37, 28, 59, 52, 20, 25, 59, 0, 54, 66, 57, 33, 35, 39, 40, 24, 24, 0
"0670_034_03.jpg", 2,true, 168, 6, 380, 184, 25064, 213, 179, 10.307764064044152, 0.0, 0.0, 0.0, 0.0, 0.0, true, 1.0, 0.17020982142857144, 1031, 916, 441, 456, 790, 692, 378, 523, 734, 0, 570, 966, 840, 774, 735, 78, 639, 648, 711, 0
"0670_034_03.jpg", 3,false, 500, 73, 552, 196, 3736, 53, 124, 20.248456731316587, 0.0, 0.0, 0.0, 0.0, 0.0, true, 1.0, 0.029339285714285714, 69, 72, 45, 33, 27, 28, 28, 33, 43, 0, 27, 0, 0, 0, 47, 85, 84, 70, 65, 0
"0670_034_04.jpg", 2,true, 299, 6, 534, 204, 34800, 236, 199, 13.509256086106296, 0.0, 0.0, 0.0, 0.0, 0.0, true, 1.0, 0.20818760112596138, 1320, 1063, 1292, 1645, 1512, 727, 1331, 678, 638, 0, 0, 988, 1553, 1131, 1474, 515, 1896, 1222, 1427, 0
"0670_034_04.jpg", 3,true, 6, 3, 183, 271, 29703, 178, 269, 13.509256086106296, 0.0, 0.0, 0.0, 0.0, 0.0, true, 1.0, 0.21225702063523727, 2097, 1776, 2045, 1820, 1672, 662, 232, 1097, 1679, 0, 315, 0, 1776, 2391, 1992, 807, 2001, 2004, 1794, 0
"0670_034_05.jpg", 2,true, 219, 6, 412, 153, 18297, 194, 148, 15.572411502397436, 0.0, 0.0, 0.0, 0.0, 0.0, true, 1.0, 0.10096491968379892, 703, 1173, 1291, 945, 1382, 741, 952, 268, 612, 0, 0, 1001, 1486, 1473, 1335, 1550, 601, 144, 477, 0
"0670_034_05.jpg", 3,true, 436, 24, 630, 206, 23275, 195, 183, 10.307764064044152, 0.0, 0.0, 0.0, 0.0, 0.0, true, 1.0, 0.12548527301882015, 415, 135, 320, 625, 1027, 828, 523, 730, 693, 0, 0, 0, 0, 0, 654, 1386, 1795, 1170, 291, 0
"0670_034_05.jpg", 4,true, 7, 26, 185, 341, 43962, 179, 316, 17.240939649566666, 0.0, 0.0, 0.0, 0.0, 0.0, true, 1.0, 0.19890567417784905, 689, 411, 1046, 1209, 247, 605, 531, 396, 590, 0, 0, 0, 0, 0, 255, 1869, 1356, 693, 1551, 0
"0670_034_05.jpg", 5,true, 337, 159, 481, 387, 13181, 145, 229, 12.854960132182441, 0.0, 0.0, 0.0, 0.0, 0.0, false, 0.9091714665485158, 0.11676442456466087, 571, 893, 792, 976, 604, 124, 3, 88, 236, 0, 951, 606, 315, 444, 534, 618, 504, 288, 27, 0
"0670_034_06.jpg", 2,false, 100, 65, 144, 108, 687, 45, 44, 10.700467279516348, 0.0, 0.0, 0.0, 0.0, 0.0, true, 1.0, 0.011443763726736793, 0, 0, 0, 0, 6, 9, 6, 18, 6, 0, 15, 24, 6, 0, 0, 0, 0, 0, 0, 0
"0670_034_07.jpg", 2,true, 354, 4, 548, 203, 26464, 195, 200, 12.747548783981962, 0.0, 0.0, 0.0, 0.0, 0.0, true, 1.0, 0.17016449234259784, 731, 100, 285, 1426, 1476, 1013, 865, 966, 1274, 0, 0, 292, 1580, 1401, 1312, 1349, 309, 837, 1056, 0
"0670_034_07.jpg", 3,true, 60, 5, 309, 186, 28699, 250, 182, 29.410882339705484, 0.0, 0.0, 0.0, 0.0, 0.0, true, 1.0, 0.19852524106636416, 1083, 1320, 1390, 1374, 1745, 1579, 1697, 1139, 1384, 0, 0, 0, 1656, 2568, 2580, 2415, 1527, 741, 1224, 0
"0670_034_08.jpg", 2,true, 286, 7, 547, 197, 37774, 262, 191, 6.96419413859206, 0.0, 0.0, 0.0, 0.0, 0.0, true, 1.0, 0.21781161180244527, 132, 1872, 1332, 381, 207, 543, 1140, 1575, 375, 0, 27, 297, 1338, 1332, 1017, 243, 1119, 1389, 795, 0
"0670_034_08.jpg", 3,true, 8, 7, 287, 161, 30220, 280, 155, 22.940139493908923, 0.0, 0.0, 0.0, 0.0, 0.0, true, 1.0, 0.18890180153123626, 777, 753, 519, 836, 736, 603, 684, 229, 536, 0, 0, 0, 168, 1023, 1326, 930, 1008, 243, 975, 0
"0670_034_08.jpg", 4,false, 40, 110, 40, 110, 1, 1, 1, 6.363961030678928, 0.0, 0.0, 0.0, 0.0, 0.0, true, 1.0, 4.352576072148301E-6, 0, 0, 0, 0, 0, 0, 0, 0, 0, 0, 0, 0, 0, 0, 0, 0, 0, 0, 0, 0
"0670_035_01.jpg", 2,true, 77, 8, 181, 124, 9019, 105, 117, 17.08800749063506, 0.0, 0.0, 0.0, 0.0, 0.0, true, 1.0, 0.05360181508791832, 86, 22, 94, 191, 231, 303, 240, 188, 109, 0, 0, 93, 369, 354, 177, 264, 180, 0, 27, 0
"0670_035_01.jpg", 3,true, 210, 6, 521, 180, 35713, 312, 175, 33.67862823809782, 0.0, 0.0, 0.0, 0.0, 0.0, true, 1.0, 0.238230289279637, 1055, 725, 785, 918, 1508, 1092, 1345, 381, 708, 0, 0, 499, 1748, 1617, 1122, 936, 118, 1163, 1314, 0
"0670_035_02.jpg", 2,true, 210, 9, 329, 145, 11166, 120, 137, 11.510864433221338, 0.0, 0.0, 0.0, 0.0, 0.0, true, 1.0, 0.0725872680872107, 0, 0, 69, 366, 167, 43, 30, 125, 97, 0, 12, 111, 213, 252, 144, 33, 0, 15, 117, 0
"0670_035_02.jpg", 3,false, 345, 131, 434, 201, 2790, 90, 71, 7.810249675906654, 0.0, 0.0, 0.0, 0.0, 0.0, true, 1.0, 0.0282136644207589, 163, 143, 154, 188, 86, 160, 83, 145, 132, 0, 12, 36, 75, 87, 141, 216, 195, 229, 263, 0
"0670_035_03.jpg", 2,false, 557, 7, 697, 97, 4855, 141, 91, 26.443335644354704, 0.0, 0.0, 0.0, 0.0, 0.0, true, 1.0, 0.044811147781444814, 363, 313, 165, 99, 114, 130, 230, 326, 318, 0, 0, 95, 313, 468, 372, 288, 36, 21, 465, 0
"0670_035_03.jpg", 3,true, 22, 7, 357, 206, 42547, 336, 200, 25.347583711273153, 0.0, 0.0, 0.0, 0.0, 0.0, true, 1.0, 0.2346901356802347, 1431, 775, 429, 1434, 1472, 1020, 727, 813, 808, 0, 0, 0, 1121, 1789, 1461, 1329, 402, 1752, 1055, 0
"0670_035_03.jpg", 4,false, 36, 78, 36, 78, 1, 1, 1, 19.60229578391266, 0.0, 0.0, 0.0, 0.0, 0.0, false, 1.0, 3.4924127333368258E-6, 0, 0, 0, 0, 0, 0, 0, 0, 0, 0, 0, 0, 0, 0, 0, 0, 0, 0, 0, 0
"0670_035_03.jpg", 5,false, 203, 178, 349, 283, 3729, 147, 106, 10.793516572461451, 0.0, 0.0, 0.0, 0.0, 0.0, true, 1.0, 0.05441877521085442, 0, 0, 0, 0, 0, 0, 0, 0, 0, 0, 0, 0, 0, 0, 0, 0, 0, 0, 0, 0
"0670_035_03.jpg", 6,false, 171, 314, 277, 396, 5215, 107, 83, 19.5, 0.0, 0.0, 0.0, 0.0, 0.0, false, 0.8839541547277937, 0.03101611748476435, 0, 0, 0, 0, 52, 146, 0, 0, 0, 0, 0, 0, 0, 0, 9, 36, 63, 45, 45, 0
"0670_035_04.jpg", 2,true, 113, 7, 395, 158, 28878, 283, 152, 21.319005605327842, 0.0, 0.0, 0.0, 0.0, 0.0, true, 1.0, 0.2552908639865162, 1089, 890, 352, 58, 878, 964, 859, 31, 33, 0, 0, 0, 651, 1149, 924, 807, 909, 264, 450, 0
"0670_035_04.jpg", 3,true, 9, 34, 95, 195, 10892, 87, 162, 8.602325267042627, 0.0, 0.0, 0.0, 0.0, 0.0, true, 1.0, 0.08364490973186625, 87, 150, 128, 175, 103, 8, 30, 47, 61, 0, 63, 0, 42, 9, 0, 0, 192, 237, 246, 0
"0670_035_05.jpg", 2,true, 862, 9, 1127, 165, 22048, 266, 157, 50.112373721467236, 0.0, 0.0, 0.0, 0.0, 0.0, false, 0.8366080661840745, 0.043557255857419395, 513, 459, 1233, 1338, 1687, 1289, 1033, 1163, 897, 0, 0, 180, 729, 1230, 1335, 1509, 1623, 1644, 1362, 0
"0670_035_05.jpg", 3,true, 71, 9, 295, 258, 34573, 225, 250, 22.45551157288562, 0.0, 0.0, 0.0, 0.0, 0.0, false, 0.9233606557377049, 0.058668062879647556, 902, 756, 833, 874, 1026, 1546, 1861, 1609, 1234, 0, 84, 201, 538, 1445, 1794, 1878, 1842, 1833, 1026, 0
"0670_035_05.jpg", 4,false, 594, 11, 676, 107, 3772, 83, 97, 17.902513789968157, 0.0, 0.0, 0.0, 0.0, 0.0, false, 0.7278481012658228, 0.00839709465322742, 11, 2, 4, 0, 9, 7, 14, 15, 10, 0, 72, 0, 0, 0, 0, 0, 0, 0, 0, 0
"0670_035_05.jpg", 5,false, 689, 40, 797, 145, 5669, 109, 106, 7.905694150420948, 0.0, 0.0, 0.0, 0.0, 0.0, false, 0.8, 0.01205068086242574, 179, 148, 60, 19, 52, 61, 59, 70, 93, 0, 123, 102, 63, 69, 99, 102, 135, 48, 0, 0
"0670_035_05.jpg", 6,false, 826, 163, 852, 167, 111, 27, 5, 7.0178344238090995, 0.0, 0.0, 0.0, 0.0, 0.0, true, 1.0, 1.4080335091115414E-4, 0, 0, 0, 0, 0, 0, 0, 0, 0, 0, 0, 0, 0, 0, 0, 0, 0, 0, 0, 0
"0670_035_05.jpg", 7,false, 977, 179, 1132, 485, 26506, 156, 307, 51.70348150753487, 0.0, 0.0, 0.0, 0.0, 0.0, false, 0.7443470235348408, 0.04995077097657032, 1841, 1768, 1539, 851, 917, 935, 1144, 1325, 1581, 0, 1618, 1016, 681, 195, 1647, 1560, 1657, 2414, 1113, 0
"0670_035_05.jpg", 8,false, 584, 287, 596, 309, 78, 13, 23, 4.716990566028302, 0.0, 0.0, 0.0, 0.0, 0.0, true, 1.0, 3.1185334757359324E-4, 0, 0, 0, 0, 0, 0, 0, 0, 0, 0, 0, 0, 0, 0, 0, 0, 0, 0, 0, 0
"0670_035_05.jpg", 9,false, 708, 519, 731, 549, 313, 24, 31, 4.47213595499958, 0.0, 0.0, 0.0, 0.0, 0.0, true, 1.0, 7.759829116881383E-4, 1, 4, 3, 1, 0, 0, 0, 0, 0, 0, 9, 0, 0, 0, 0, 0, 0, 0, 0, 0
"0670_035_05.jpg", 10,false, 936, 584, 1129, 806, 28611, 194, 223, 82.69371197376498, 0.0, 0.0, 0.0, 0.0, 0.0, false, 0.67430441898527, 0.04512173753421, 1001, 950, 1025, 709, 510, 415, 412, 345, 672, 0, 386, 1045, 1454, 1315, 189, 333, 681, 491, 145, 0
"0670_035_05.jpg", 11,true, 597, 603, 989, 835, 69310, 393, 233, 14.212670403551895, 0.0, 0.0, 0.0, 0.0, 0.0, true, 1.0, 0.09550534844135905, 249, 181, 62, 210, 48, 72, 243, 100, 248, 0, 6, 0, 0, 0, 0, 0, 0, 0, 1407, 0
"0670_036_01.jpg", 2,true, 9, 7, 136, 157, 15098, 128, 151, 13.152946437965905, 0.0, 0.0, 0.0, 0.0, 0.0, true, 1.0, 0.13625084592826528, 477, 214, 19, 0, 0, 146, 424, 578, 701, 0, 0, 0, 93, 426, 479, 352, 556, 593, 60, 0
"0670_036_01.jpg", 3,true, 188, 9, 337, 177, 17863, 150, 169, 15.0, 0.0, 0.0, 0.0, 0.0, 0.0, true, 1.0, 0.17870234604105573, 742, 718, 321, 376, 223, 72, 8, 95, 259, 0, 63, 0, 147, 530, 424, 392, 937, 57, 264, 0
"0670_036_02.jpg", 2,true, 51, 8, 371, 228, 49140, 321, 221, 39.24601890638081, 0.0, 0.0, 0.0, 0.0, 0.0, true, 1.0, 0.46088329305371484, 875, 1352, 1497, 1136, 624, 1822, 1873, 1854, 1893, 0, 213, 1674, 1995, 1740, 795, 1806, 2610, 1623, 470, 0
"0670_036_03.jpg", 2,true, 7, 8, 234, 275, 44566, 228, 268, 11.236102527122116, 0.0, 0.0, 0.0, 0.0, 0.0, true, 1.0, 0.41090197502471304, 687, 1992, 1197, 1212, 1434, 1607, 1386, 719, 284, 0, 6, 807, 1962, 1596, 1239, 879, 1488, 2049, 492, 0
"0670_036_03.jpg", 3,true, 219, 11, 361, 194, 21116, 143, 184, 19.00657780874821, 0.0, 0.0, 0.0, 0.0, 0.0, true, 1.0, 0.17693854357898417, 540, 809, 846, 455, 79, 17, 3, 21, 365, 0, 96, 12, 478, 712, 409, 543, 237, 243, 405, 0
"0670_036_03.jpg", 4,false, 241, 231, 256, 234, 58, 16, 4, 2.5495097567963922, 0.0, 0.0, 0.0, 0.0, 0.0, true, 1.0, 4.303765122018466E-4, 0, 0, 0, 0, 0, 0, 0, 0, 0, 0, 0, 0, 0, 0, 0, 0, 0, 0, 0, 0
"0670_036_03.jpg", 5,false, 293, 243, 321, 283, 851, 29, 41, 2.0615528128088303, 0.0, 0.0, 0.0, 0.0, 0.0, true, 1.0, 0.007995588640749932, 0, 0, 0, 0, 0, 0, 0, 0, 0, 0, 0, 0, 0, 0, 0, 0, 0, 0, 0, 0
"0670_036_04.jpg", 2,false, 378, 10, 473, 139, 4845, 96, 130, 34.514489710844636, 0.0, 0.0, 0.0, 0.0, 0.0, true, 1.0, 0.045094850948509485, 110, 27, 0, 83, 259, 172, 107, 126, 121, 0, 0, 0, 108, 159, 144, 147, 147, 150, 150, 0
"0670_036_04.jpg", 3,true, 532, 9, 670, 165, 10011, 139, 157, 19.849433241279208, 0.0, 0.0, 0.0, 0.0, 0.0, false, 0.9298957126303592, 0.07885456187895212, 473, 640, 587, 628, 496, 518, 598, 582, 617, 0, 0, 57, 381, 726, 999, 630, 759, 750, 837, 0
"0670_036_04.jpg", 4,true, 9, 8, 378, 276, 65677, 370, 269, 7.3824115301167, 0.0, 0.0, 0.0, 0.0, 0.0, true, 1.0, 0.3596386630532972, 2445, 2103, 1365, 2868, 2316, 1668, 2208, 870, 462, 0, 0, 492, 2967, 3711, 1923, 1200, 3237, 2007, 768, 0
"0670_036_05.jpg", 2,true, 235, 10, 442, 226, 26774, 208, 217, 45.2133829745132, 0.0, 0.0, 0.0, 0.0, 0.0, true, 1.0, 0.24475099774423043, 606, 420, 552, 639, 555, 93, 0, 72, 528, 0, 0, 0, 0, 30, 720, 840, 927, 615, 333, 0
"0670_036_06.jpg", 2,true, 7, 8, 315, 306, 65828, 309, 299, 22.321514285549714, 0.0, 0.0, 0.0, 0.0, 0.0, true, 1.0, 0.7010790384265161, 2005, 924, 565, 1057, 1774, 2065, 673, 88, 1652, 0, 0, 0, 0, 231, 2283, 2339, 1580, 1925, 2445, 0
"0670_036_06.jpg", 3,false, 283, 233, 283, 233, 1, 1, 1, 0.5, 0.0, 0.0, 0.0, 0.0, 0.0, false, 1.0, 7.588174588720937E-6, 0, 0, 0, 0, 0, 0, 0, 0, 0, 0, 0, 0, 0, 0, 0, 0, 0, 0, 0, 0
"0670_036_06.jpg", 4,false, 209, 315, 209, 315, 1, 1, 1, 6.4031242374328485, 0.0, 0.0, 0.0, 0.0, 0.0, true, 1.0, 7.588174588720937E-6, 0, 0, 0, 0, 0, 0, 0, 0, 0, 0, 0, 0, 0, 0, 0, 0, 0, 0, 0, 0
"0670_036_07.jpg", 2,true, 107, 10, 318, 245, 38592, 212, 236, 31.531730050855124, 0.0, 0.0, 0.0, 0.0, 0.0, true, 1.0, 0.37731523378582205, 489, 931, 1197, 872, 549, 685, 1066, 468, 538, 0, 9, 78, 939, 1027, 1220, 180, 1018, 1490, 834, 0
"0670_036_07.jpg", 3,false, 10, 130, 123, 277, 7901, 114, 148, 23.521266972678152, 0.0, 0.0, 0.0, 0.0, 0.0, false, 0.8055141579731744, 0.12723981900452488, 186, 171, 139, 131, 76, 178, 130, 117, 156, 0, 489, 102, 0, 0, 0, 0, 0, 131, 562, 0
"0670_036_07.jpg", 4,false, 195, 236, 299, 338, 5555, 105, 103, 16.347782724271816, 0.0, 0.0, 0.0, 0.0, 0.0, true, 1.0, 0.08156108597285068, 233, 190, 29, 0, 23, 121, 183, 174, 229, 0, 188, 118, 75, 66, 48, 139, 212, 201, 135, 0
"0670_036_08.jpg", 2,true, 107, 10, 318, 245, 38596, 212, 236, 31.531730050855124, 0.0, 0.0, 0.0, 0.0, 0.0, true, 1.0, 0.37731523378582205, 489, 931, 1204, 874, 549, 685, 1066, 468, 538, 0, 9, 78, 948, 1027, 1220, 180, 1018, 1490, 834, 0
"0670_036_08.jpg", 3,false, 10, 130, 123, 277, 7901, 114, 148, 23.521266972678152, 0.0, 0.0, 0.0, 0.0, 0.0, false, 0.8055141579731744, 0.12723981900452488, 186, 171, 139, 131, 76, 178, 130, 117, 156, 0, 489, 102, 0, 0, 0, 0, 0, 131, 562, 0
"0670_036_08.jpg", 4,false, 195, 236, 299, 338, 5556, 105, 103, 16.347782724271816, 0.0, 0.0, 0.0, 0.0, 0.0, true, 1.0, 0.08156108597285068, 233, 190, 29, 0, 23, 121, 183, 174, 229, 0, 188, 118, 75, 66, 48, 139, 212, 201, 135, 0
"0670_036_09.jpg", 2,false, 11, 9, 442, 399, 41791, 432, 391, 214.21076070076404, 0.0, 0.0, 0.0, 0.0, 0.0, true, 1.0, 0.9094492004522694, 2396, 3890, 4580, 3194, 1086, 1327, 1950, 2922, 684, 0, 420, 933, 1518, 3611, 5494, 4377, 2868, 2349, 459, 0
"0670_036_09.jpg", 3,false, 194, 92, 194, 92, 1, 1, 1, 0.5, 0.0, 0.0, 0.0, 0.0, 0.0, false, 1.0, 5.384159801862919E-6, 0, 0, 0, 0, 0, 0, 0, 0, 0, 0, 0, 0, 0, 0, 0, 0, 0, 0, 0, 0
"0670_036_09.jpg", 4,false, 411, 106, 411, 106, 1, 1, 1, 10.965856099730654, 0.0, 0.0, 0.0, 0.0, 0.0, false, 1.0, 5.384159801862919E-6, 0, 0, 0, 0, 0, 0, 0, 0, 0, 0, 0, 0, 0, 0, 0, 0, 0, 0, 0, 0
"0670_036_10.jpg", 2,true, 239, 9, 553, 248, 55899, 315, 240, 32.7566787083184, 0.0, 0.0, 0.0, 0.0, 0.0, true, 1.0, 0.32773240389117203, 1150, 1429, 821, 800, 1646, 1843, 1199, 1460, 564, 0, 0, 18, 948, 2253, 2364, 816, 1026, 1900, 1587, 0
"0670_036_10.jpg", 3,true, 8, 8, 238, 246, 38464, 231, 239, 11.01135777277262, 0.0, 0.0, 0.0, 0.0, 0.0, true, 1.0, 0.23933569161941423, 1471, 1323, 1043, 1079, 1259, 1129, 468, 401, 940, 0, 0, 0, 0, 0, 1857, 2751, 2648, 915, 942, 0
"0670_036_10.jpg", 4,false, 243, 244, 272, 248, 121, 30, 5, 4.527692569068709, 0.0, 0.0, 0.0, 0.0, 0.0, true, 1.0, 6.502627061332778E-4, 0, 0, 0, 0, 0, 0, 0, 0, 0, 0, 0, 0, 0, 0, 0, 0, 0, 0, 0, 0
"0670_036_11.jpg", 2,true, 161, 10, 329, 173, 19249, 169, 164, 21.095023109728988, 0.0, 0.0, 0.0, 0.0, 0.0, true, 1.0, 0.11933486613793519, 326, 699, 587, 658, 304, 231, 51, 0, 0, 0, 0, 0, 177, 705, 720, 540, 384, 168, 162, 0
